name,class,tier,mode,build,video,duration,created_at,updated_at
goldfarmingGUIDE,sorcerer,120,softcore,https://mobalytics.gg/diablo-4/profile/be8635af-0e26-4d16-8e47-026eecfb5662/builds/cc729a47-5934-4cc2-a61d-d0abde4c6a34?coreTab=assigned-skills&equipmentTab=aspects-and-uniques&variantTab=2,https://www.youtube.com/watch?v=_fKFPfAI_R0,150,2024-08-09T04:00:00Z,2024-08-09T04:00:00Z
퓨,sorcerer,101,softcore,"""""",https://www.youtube.com/watch?v=GPAowdufms4&t=18s,135,2024-08-08T04:00:00Z,2024-08-08T04:00:00Z
PsychoItalo,druid,125,softcore,https://mobalytics.gg/diablo-4/profile/3b97d921-d228-4c41-ae0c-7be7eea95b34/builds/6cdddfe4-9a75-45e4-a5bc-77c0ed2a474c,https://www.youtube.com/watch?v=aUPNcp-wnyk,795,2024-08-08T04:00:00Z,2024-08-08T04:00:00Z
Arccueid,sorcerer,101,softcore,"""""",https://www.youtube.com/watch?v=WyVZaCZ2Eps,95,2024-08-08T04:00:00Z,2024-08-08T04:00:00Z
Original Gamer,sorcerer,101,softcore,https://mobalytics.gg/diablo-4/profile/fc89c8da-b215-4e10-b42b-6d48e1102704/builds/9ab1ecfe-7c1a-4212-b837-69c4b8318b45,https://www.youtube.com/watch?v=e_yfy58Sozc,150,2024-08-08T04:00:00Z,2024-08-08T04:00:00Z
Damz,sorcerer,101,softcore,https://mobalytics.gg/diablo-4/profile/5ca70f4a-e566-41c6-93d3-febd1289eafd/builds/8e068b33-27c9-4802-b159-d5a84804ee45,https://www.youtube.com/watch?v=vYMMoGwMAow,737,2024-08-08T04:00:00Z,2024-08-08T04:00:00Z
Lurkin,sorcerer,101,softcore,https://mobalytics.gg/diablo-4/builds/sorcerer/fireball-illuminator,https://www.youtube.com/watch?v=Y9ANUgh5Xt4,240,2024-08-07T04:00:00Z,2024-08-07T04:00:00Z
Guillaume,rogue,130,softcore,"""""",https://www.youtube.com/watch?v=0emTQiaN7i8,722,2024-08-11T04:00:00Z,2024-08-11T04:00:00Z
August Burns Red,necromancer,101,softcore,"""""",https://www.youtube.com/watch?v=FyjzbM63-Ac,144,2024-08-11T04:00:00Z,2024-08-11T04:00:00Z
Deivid,rogue,101,softcore,"""""",https://www.youtube.com/watch?v=22wmgNsjzwA,283,2024-08-11T04:00:00Z,2024-08-11T04:00:00Z
Nori,sorcerer,135,softcore,https://mobalytics.gg/diablo-4/profile/488e94b2-25a8-4b09-95aa-f74e532482cc/builds/fe5bcb74-9f16-443a-9d91-21a97b0594cd,https://www.youtube.com/watch?v=rrFrXCfRKQE,830,2024-08-11T04:00:00Z,2024-08-11T04:00:00Z
Seroc Ifkre,necromancer,130,softcore,https://www.wowhead.com/diablo-4/build/s5-bone-spirit-hordes-build-25297,https://www.youtube.com/watch?v=eK3Ised1NAo&t=77s,584,2024-08-10T04:00:00Z,2024-08-10T04:00:00Z
Emilyheartz987,sorcerer,123,softcore,https://maxroll.gg/d4/planner/1aka038u#2,https://www.youtube.com/watch?v=C5VkOqBGWpA,369,2024-08-10T04:00:00Z,2024-08-10T04:00:00Z
Arccueid,sorcerer,120,softcore,https://maxroll.gg/d4/planner/g2ebo0wz#1,https://www.youtube.com/watch?v=AeEC0jRokNE&t=116s,102,2024-08-10T04:00:00Z,2024-08-10T04:00:00Z
SKULM,necromancer,110,softcore,https://d4builds.gg/builds/3cf581ba-5a08-4d29-b17a-3154ff23ea14/?var=1,https://www.youtube.com/watch?v=zUVlE72EZX8,411,2024-08-10T04:00:00Z,2024-08-10T04:00:00Z
ThreeBelowZero,rogue,101,softcore,"""""",https://www.youtube.com/watch?v=Ga9ggt7mTF0,195,2024-08-10T04:00:00Z,2024-08-10T04:00:00Z
无剧透King,rogue,120,softcore,"""""",https://www.bilibili.com/video/BV1zeYyePEFR/,508,2024-08-11T04:00:00Z,2024-08-11T04:00:00Z
鳳華,sorcerer,140,softcore,https://www.d2core.com/d4/planner?bd=1hCE,https://www.bilibili.com/video/BV1CZ421T7jJ/,838,2024-08-10T04:00:00Z,2024-08-10T04:00:00Z
葡萄有点酸_,druid,101,softcore,https://www.d2core.com/d4/planner?bd=1i4y,https://www.bilibili.com/video/BV1TRYJeyE2h/,140,2024-08-10T04:00:00Z,2024-08-10T04:00:00Z
喵老仙,sorcerer,101,softcore,"""""",https://www.bilibili.com/video/BV1kJY7efEWb/,552,2024-08-10T04:00:00Z,2024-08-10T04:00:00Z
被占用的安,rogue,130,softcore,"""""",https://www.bilibili.com/video/BV1StYEeGE75/,325,2024-08-10T04:00:00Z,2024-08-10T04:00:00Z
大胖頭,sorcerer,110,softcore,"""""",https://www.bilibili.com/video/BV1LAYGeKEsJ/,225,2024-08-10T04:00:00Z,2024-08-10T04:00:00Z
喵老仙,sorcerer,101,softcore,"""""",https://www.bilibili.com/video/BV1j4YLejEHh/,900,2024-08-10T04:00:00Z,2024-08-10T04:00:00Z
我两个滑铲i,sorcerer,101,softcore,"""""",https://www.bilibili.com/video/BV1PQYLeFEz9/,67,2024-08-10T04:00:00Z,2024-08-10T04:00:00Z
竹子嘘嘘,sorcerer,101,softcore,"""""",https://www.bilibili.com/video/BV1HNYueTEAZ/,84,2024-08-09T04:00:00Z,2024-08-09T04:00:00Z
mino米诺mi,rogue,140,softcore,"""""",https://www.bilibili.com/video/BV1ofYReoEVX/,809,2024-08-11T04:00:00Z,2024-08-11T04:00:00Z
Arccueid,sorcerer,101,softcore,"""""",https://www.bilibili.com/video/BV1Mz421i7kr/,88,2024-08-10T04:00:00Z,2024-08-10T04:00:00Z
BenneBoii,sorcerer,101,softcore,"""""",https://www.youtube.com/watch?v=7Ihpg56GAl8,164,2024-08-11T04:00:00Z,2024-08-11T04:00:00Z
Vinitia,rogue,126,softcore,"""""",https://www.youtube.com/watch?v=szTmc8pwF7E,580,2024-08-11T04:00:00Z,2024-08-11T04:00:00Z
FP S,rogue,110,softcore,https://d4builds.gg/builds/81ac7acc-faa5-4359-b8fe-42928f394197/?var=1,https://www.youtube.com/watch?v=-WUQFcydHGA,255,2024-08-12T04:00:00Z,2024-08-12T04:00:00Z
Aleks Breus,rogue,120,softcore,"""""",https://www.youtube.com/watch?v=za6A70sLf-8,510,2024-08-12T04:00:00Z,2024-08-12T04:00:00Z
Juse,sorcerer,120,softcore,https://d4builds.gg/builds/47749638-5c8e-4f46-ac41-f47103b1c5dc/?var=0,https://www.youtube.com/watch?v=LTqgwlBQKLE,238,2024-08-12T04:00:00Z,2024-08-12T04:00:00Z
NinTanDao64,rogue,134,softcore,https://maxroll.gg/d4/planner/tg1xc01v#1,https://www.youtube.com/watch?v=Xo5NSKu4E-U&t=38s,627,2024-08-11T04:00:00Z,2024-08-11T04:00:00Z
dome4mosh,rogue,123,softcore,https://d4builds.gg/builds/11282914-9e11-40d6-813d-6975a46474df/?var=0,https://www.youtube.com/watch?v=ThPaNbduFiE,218,2024-08-11T04:00:00Z,2024-08-11T04:00:00Z
快乐的润润,rogue,101,softcore,"""""",https://www.bilibili.com/video/BV1QJeweqEhe/,74,2024-08-12T04:00:00Z,2024-08-12T04:00:00Z
SoraYjy,rogue,101,softcore,"""""",https://www.bilibili.com/video/BV1xU411U79k/,370,2024-08-11T04:00:00Z,2024-08-11T04:00:00Z
少年盐一,rogue,134,softcore,"""""",https://www.bilibili.com/video/BV1Z7YoeYEJW/,802,2024-08-11T04:00:00Z,2024-08-11T04:00:00Z
Siavash Enayati,sorcerer,103,softcore,"""""",https://www.youtube.com/watch?v=ysZf2XcOkt8,143,2024-08-12T04:00:00Z,2024-08-12T04:00:00Z
Arccueid,sorcerer,141,softcore,https://maxroll.gg/d4/planner/g2ebo0wz#1,https://www.youtube.com/watch?v=88CNcFdRpLo,828,2024-08-12T04:00:00Z,2024-08-12T04:00:00Z
Neme,rogue,101,softcore,"""""",https://www.youtube.com/watch?v=hKnesXHXoes,163,2024-08-12T04:00:00Z,2024-08-12T04:00:00Z
秋葉-Akiha-,necromancer,141,softcore,https://www.d2core.com/d4/planner?bd=1hgs,https://www.bilibili.com/video/BV1QRYqeiEfD/,805,2024-08-12T04:00:00Z,2024-08-12T04:00:00Z
土豆游戏代肝,sorcerer,111,softcore,"""""",https://www.bilibili.com/video/BV1vVewerEyq/,100,2024-08-12T04:00:00Z,2024-08-12T04:00:00Z
兔子加油加油,sorcerer,111,softcore,https://www.d2core.com/d4/planner?bd=1hTX,https://www.bilibili.com/video/BV1BmeweEEU6/,96,2024-08-12T04:00:00Z,2024-08-12T04:00:00Z
Darkness,necromancer,124,softcore,"""""",https://www.youtube.com/watch?v=RhDqsE76d-E&t=7s,554,2024-08-11T04:00:00Z,2024-08-11T04:00:00Z
Matthou,druid,130,softcore,https://d4builds.gg/builds/8eb39f32-5f59-4fdf-9f64-4de76b337214/?var=1,https://www.youtube.com/watch?v=YXQaswDRggE,615,2024-08-13T04:00:00Z,2024-08-13T04:00:00Z
Yuhristeru,sorcerer,120,softcore,"""""",https://www.youtube.com/watch?v=usgQRdCXOPM,482,2024-08-13T04:00:00Z,2024-08-13T04:00:00Z
SKULM,necromancer,130,softcore,"""""",https://www.youtube.com/watch?v=cYJcTh0LVPk,696,2024-08-13T04:00:00Z,2024-08-13T04:00:00Z
Alex,necromancer,101,softcore,"""""",https://www.youtube.com/watch?v=3gmzlKyUjMY,274,2024-08-13T04:00:00Z,2024-08-13T04:00:00Z
ShamanMovies,necromancer,130,softcore,"""""",https://www.youtube.com/watch?v=wWCyimM5iPk,689,2024-08-13T04:00:00Z,2024-08-13T04:00:00Z
Spoiler Alert,sorcerer,101,softcore,"""""",https://www.youtube.com/watch?v=D-UbcrWyB28,295,2024-08-13T04:00:00Z,2024-08-13T04:00:00Z
Beatdropper,barbarian,120,softcore,https://mobalytics.gg/diablo-4/profile/c0b6a1be-3705-4aa2-9164-aa58b7652451/builds/6dd81b65-df3d-4fd5-a3ae-0ec0ecd0cc1e?coreTab=assigned-skills&equipmentTab=aspects-and-uniques&variantTab=1,https://www.youtube.com/watch?v=iSPrK5EX_3Q&t=318s,446,2024-08-12T04:00:00Z,2024-08-12T04:00:00Z
J_Macc,druid,135,softcore,https://maxroll.gg/d4/planner/au9506bi,https://www.youtube.com/watch?v=ZmdHS4J8W8Y&t=311s,816,2024-08-12T04:00:00Z,2024-08-12T04:00:00Z
OperatorOtter,sorcerer,120,softcore,https://maxroll.gg/d4/planner/,https://www.youtube.com/watch?v=813lLm9ymsY,107,2024-08-12T04:00:00Z,2024-08-12T04:00:00Z
秋葉-Akiha-,necromancer,145,softcore,"""""",https://www.bilibili.com/video/BV1QyYkeUE4D/,857,2024-08-13T04:00:00Z,2024-08-13T04:00:00Z
破晓之砂,sorcerer,130,softcore,https://www.d2core.com/d4/planner?bd=1ilk,https://www.bilibili.com/video/BV1qvYkeREEk/,597,2024-08-13T04:00:00Z,2024-08-13T04:00:00Z
被占用的安,rogue,140,softcore,"""""",https://www.bilibili.com/video/BV1mQY6eKEpT/,647,2024-08-13T04:00:00Z,2024-08-13T04:00:00Z
Mekuna,sorcerer,150,softcore,https://mobalytics.gg/diablo-4/profile/488e94b2-25a8-4b09-95aa-f74e532482cc/builds/fe5bcb74-9f16-443a-9d91-21a97b0594cd,https://www.youtube.com/watch?v=yU-LwvEky4U,663,2024-08-13T04:00:00Z,2024-08-13T04:00:00Z
Virgorie,rogue,141,softcore,https://maxroll.gg/d4/planner/yja304gm#2,https://www.youtube.com/watch?v=bjbPNLaNBaQ,875,2024-08-13T04:00:00Z,2024-08-13T04:00:00Z
Virgorie,rogue,143,softcore,https://maxroll.gg/d4/planner/yja304gm#2,https://youtu.be/IoPmJZdF6Yc,720,2024-08-14T04:00:00Z,2024-08-14T04:00:00Z
Darkness,necromancer,136,softcore,https://www.d2core.com/d4/planner?bd=1hgs&lang=zhTW,https://www.youtube.com/watch?v=DeY-y_PnDvY,805,2024-08-14T04:00:00Z,2024-08-14T04:00:00Z
Matthou,druid,132,softcore,https://d4builds.gg/builds/8eb39f32-5f59-4fdf-9f64-4de76b337214/?var=1,https://www.youtube.com/watch?v=qHmSMD3bl4o,598,2024-08-14T04:00:00Z,2024-08-14T04:00:00Z
Zaramos666,sorcerer,130,softcore,https://maxroll.gg/d4/planner/m76vt0c2#1,https://www.youtube.com/watch?v=uDoVqttGFm4,826,2024-08-14T04:00:00Z,2024-08-14T04:00:00Z
KroovyGG,rogue,120,softcore,"""""",https://www.youtube.com/watch?v=XuZitGO772E,274,2024-08-14T04:00:00Z,2024-08-14T04:00:00Z
Scriblet,necromancer,130,softcore,https://maxroll.gg/d4/planner/9t5pm078,https://www.youtube.com/watch?v=gRtBs5Jud34,884,2024-08-13T04:00:00Z,2024-08-13T04:00:00Z
蓝萌君,druid,145,softcore,"""""",https://www.bilibili.com/video/BV1Rf421v7EF/,489,2024-08-13T04:00:00Z,2024-08-13T04:00:00Z
King Pig,necromancer,147,softcore,https://maxroll.gg/d4/planner/wn7130co,https://www.youtube.com/watch?v=D7yHFwF0_w8&t=88s,866,2024-08-14T04:00:00Z,2024-08-14T04:00:00Z
冲锋的米卡,necromancer,130,softcore,"""""",https://www.bilibili.com/video/BV1xAeJeGEof/,857,2024-08-14T04:00:00Z,2024-08-14T04:00:00Z
TheSixWings,necromancer,127,softcore,https://www.d2core.com/d4/planner?bd=1igG,https://www.bilibili.com/video/BV19TY2e8EC9/,666,2024-08-13T04:00:00Z,2024-08-13T04:00:00Z
蛋挞-百合长,rogue,101,softcore,https://www.d2core.com/d4/planner?bd=1hXr,https://www.bilibili.com/video/BV16ZeJevEcK/,195,2024-08-14T04:00:00Z,2024-08-14T04:00:00Z
고통받는 메피스토,druid,140,softcore,https://diablo4.inven.co.kr/db/paragon/74076,https://www.youtube.com/watch?v=j4iwiFvqpqM,720,2024-08-14T04:00:00Z,2024-08-14T04:00:00Z
STONE,druid,101,softcore,"""""",https://www.youtube.com/watch?v=Xz3oZfQ39x0,277,2024-08-13T04:00:00Z,2024-08-13T04:00:00Z
PC방사장써니,rogue,110,softcore,"""""",https://www.youtube.com/watch?v=x_mIACqjHv8,104,2024-08-13T04:00:00Z,2024-08-13T04:00:00Z
화이트,barbarian,101,softcore,"""""",https://www.youtube.com/watch?v=FcU4GmgPmCw,102,2024-08-12T04:00:00Z,2024-08-12T04:00:00Z
푸들멈머,sorcerer,125,softcore,"""""",https://www.youtube.com/watch?v=l1mIUZ__ev4,257,2024-08-11T04:00:00Z,2024-08-11T04:00:00Z
Darin,rogue,101,softcore,https://maxroll.gg/d4/build-guides/andariels-puncture-rogue,https://www.youtube.com/watch?v=Q2NqnSiIXrg,161,2024-08-11T04:00:00Z,2024-08-11T04:00:00Z
윤썬TV,barbarian,101,softcore,https://diablo4.inven.co.kr/db/paragon/73581,https://www.youtube.com/watch?v=7IOzEpTbeHw,152,2024-08-11T04:00:00Z,2024-08-11T04:00:00Z
King Pig,necromancer,140,softcore,"""""",https://www.youtube.com/watch?v=TbGkH8tGVhg,707,2024-08-12T04:00:00Z,2024-08-12T04:00:00Z
小爸爸五花肉,sorcerer,141,softcore,https://www.d2core.com/d4/planner?bd=1iwV,https://www.bilibili.com/video/BV1XjepeFE2e/,620,2024-08-14T04:00:00Z,2024-08-14T04:00:00Z
蓝萌君,druid,150,softcore,https://www.d2core.com/d4/planner?bd=1igX,https://www.bilibili.com/video/BV1xw4m1k7gF/,763,2024-08-14T04:00:00Z,2024-08-14T04:00:00Z
SKULM,necromancer,135,softcore,https://d4builds.gg/builds/3cf581ba-5a08-4d29-b17a-3154ff23ea14/?var=1,https://www.youtube.com/watch?v=75KQcz2p8_s,663,2024-08-14T04:00:00Z,2024-08-14T04:00:00Z
Sukhenkiy,rogue,120,softcore,https://maxroll.gg/d4/planner/tg1xc01v#1,https://www.youtube.com/watch?v=1Zbh5sEvjFM,294,2024-08-14T04:00:00Z,2024-08-14T04:00:00Z
Stoyan Georgiev,druid,130,softcore,"""""",https://www.youtube.com/watch?v=E4d7KWVO8rg,737,2024-08-14T04:00:00Z,2024-08-14T04:00:00Z
Stoyan Georgiev,druid,128,softcore,"""""",https://www.youtube.com/watch?v=raVozuXfvYQ,723,2024-08-14T04:00:00Z,2024-08-14T04:00:00Z
FP,rogue,140,softcore,"""""",https://www.youtube.com/watch?v=7rmBrQKneqI,791,2024-08-14T04:00:00Z,2024-08-14T04:00:00Z
BiSketto dayooo,rogue,128,softcore,"""""",https://www.youtube.com/watch?v=8FAcs_NBlDo,639,2024-08-14T04:00:00Z,2024-08-14T04:00:00Z
Franz Games,rogue,119,softcore,"""""",https://www.youtube.com/watch?v=3r16QpbyIk8,280,2024-08-13T04:00:00Z,2024-08-13T04:00:00Z
BiSketto dayooo,rogue,126,softcore,"""""",https://www.youtube.com/watch?v=lQdaBfnFnXY,618,2024-08-13T04:00:00Z,2024-08-13T04:00:00Z
Tony Lak kheng,sorcerer,136,softcore,"""""",https://www.youtube.com/watch?v=rMvOAO_-ysU,843,2024-08-13T04:00:00Z,2024-08-13T04:00:00Z
新奇骰子匠人,sorcerer,119,softcore,"""""",https://www.bilibili.com/video/BV1yUeJerE6n/?spm_id_from=333.337,251,2024-08-14T04:00:00Z,2024-08-14T04:00:00Z
백범로,druid,140,softcore,"""""",https://www.youtube.com/watch?v=j5N-CFcEzes,823,2024-08-14T04:00:00Z,2024-08-14T04:00:00Z
북극토끼,sorcerer,110,softcore,"""""",https://www.youtube.com/watch?v=TOjqKvhU78c,425,2024-08-13T04:00:00Z,2024-08-13T04:00:00Z
흙손대장,sorcerer,134,softcore,"""""",https://www.youtube.com/watch?v=d3eh4WO3zVI,738,2024-08-13T04:00:00Z,2024-08-13T04:00:00Z
JEOOOOO,druid,129,softcore,"""""",https://www.youtube.com/watch?v=rqUV1D6VdQE,409,2024-08-12T04:00:00Z,2024-08-12T04:00:00Z
케일바라기,sorcerer,110,softcore,"""""",https://www.youtube.com/watch?v=K0TPPDqmKMQ,268,2024-08-11T04:00:00Z,2024-08-11T04:00:00Z
Ruin-Cloud,sorcerer,101,softcore,"""""",https://www.bilibili.com/video/BV1vyY2eNEds/,181,2024-08-13T04:00:00Z,2024-08-13T04:00:00Z
42岁还不会拉枪的FW,sorcerer,101,softcore,"""""",https://www.bilibili.com/video/BV1KwYoeyEwh/,133,2024-08-11T04:00:00Z,2024-08-11T04:00:00Z
清风风ouo,sorcerer,101,softcore,"""""",https://www.bilibili.com/video/BV16hYgeMEuP/,81,2024-08-09T04:00:00Z,2024-08-09T04:00:00Z
红与薰,sorcerer,101,softcore,https://www.d2core.com/d4/planner?bd=1hTX,https://www.bilibili.com/video/BV18QYge9EHP/,87,2024-08-09T04:00:00Z,2024-08-09T04:00:00Z
MonetM,barbarian,101,softcore,"""""",https://www.bilibili.com/video/BV1CtYWemEpG/,194,2024-08-07T04:00:00Z,2024-08-07T04:00:00Z
Rise,rogue,130,softcore,https://maxroll.gg/d4/planner/sdgkx0v3#5,https://www.youtube.com/watch?v=SnwgNYfjqp4&t=10s,875,2024-08-14T04:00:00Z,2024-08-14T04:00:00Z
Virgorie,rogue,145,softcore,https://maxroll.gg/d4/planner/yja304gm#2,https://youtu.be/zHDZEWAKHa8,886,2024-08-15T04:00:00Z,2024-08-15T04:00:00Z
Jimmy,sorcerer,101,softcore,"""""",https://www.youtube.com/watch?v=0XWlDOagVDM,65,2024-08-15T04:00:00Z,2024-08-15T04:00:00Z
sampy,rogue,129,softcore,"""""",https://www.youtube.com/watch?v=Xre14rqtV1I,470,2024-08-15T04:00:00Z,2024-08-15T04:00:00Z
DjBunnie,sorcerer,130,softcore,"""""",https://www.youtube.com/watch?v=0deMereODOI,581,2024-08-15T04:00:00Z,2024-08-15T04:00:00Z
FP,rogue,142,softcore,"""""",https://www.youtube.com/watch?v=3gl_19tMeYY,839,2024-08-15T04:00:00Z,2024-08-15T04:00:00Z
Whatever the Meta,necromancer,124,softcore,https://d4builds.gg/builds/14f94ca5-77f7-4592-9909-5cdfc044aa1a/?var=1,https://www.youtube.com/watch?v=CownFrXxm6A,867,2024-08-15T04:00:00Z,2024-08-15T04:00:00Z
征服地板者雨将军,rogue,129,softcore,"""""",https://www.bilibili.com/video/BV13xe4e6Eaf/,362,2024-08-15T04:00:00Z,2024-08-15T04:00:00Z
迷你不贪,druid,148,softcore,https://www.d2core.com/d4/planner?bd=1hLw,https://www.bilibili.com/video/BV1n7eHe6EdF/,898,2024-08-14T04:00:00Z,2024-08-14T04:00:00Z
被占用的安,rogue,145,softcore,"""""",https://www.bilibili.com/video/BV1PoeWeQEHk/,900,2024-08-14T04:00:00Z,2024-08-14T04:00:00Z
葡萄有点酸_,druid,130,softcore,www.d2core.com/d4/planner?bd=1i4y,https://www.bilibili.com/video/BV1XjepeFE4p/,746,2024-08-14T04:00:00Z,2024-08-14T04:00:00Z
Mekuna,sorcerer,157,softcore,https://moba.lol/Mekuna,https://www.youtube.com/watch?v=8ljKyhw-ldc&feature=youtu.be,836,2024-08-15T04:00:00Z,2024-08-15T04:00:00Z
Jimmy,sorcerer,101,softcore,"""""",https://www.youtube.com/watch?v=ZjJiILLwBRo,51,2024-08-15T04:00:00Z,2024-08-15T04:00:00Z
푸들멈머,sorcerer,135,softcore,"""""",https://www.youtube.com/watch?v=gi_eKDtV-SQ,287,2024-08-15T04:00:00Z,2024-08-15T04:00:00Z
Matthou,druid,136,softcore,https://d4builds.gg/builds/8eb39f32-5f59-4fdf-9f64-4de76b337214/?var=1,https://www.youtube.com/watch?v=13rb8eg3sF0,761,2024-08-15T04:00:00Z,2024-08-15T04:00:00Z
Light,rogue,130,softcore,https://maxroll.gg/d4/planner/t09xt07i,https://www.youtube.com/watch?v=D1xv24WhdPE,319,2024-08-16T04:00:00Z,2024-08-16T04:00:00Z
Duncan,barbarian,101,softcore,"""""",https://www.youtube.com/watch?v=rky4PHCdlJg,96,2024-08-16T04:00:00Z,2024-08-16T04:00:00Z
Andy,barbarian,130,softcore,https://mobalytics.gg/diablo-4/profile/c0b6a1be-3705-4aa2-9164-aa58b7652451/builds/6dd81b65-df3d-4fd5-a3ae-0ec0ecd0cc1e?coreTab=paragon-board&equipmentTab=aspects-and-uniques&variantTab=1,https://www.youtube.com/watch?v=-p0VdTDNpDg&t=18s,848,2024-08-16T04:00:00Z,2024-08-16T04:00:00Z
被占用的安,rogue,145,softcore,https://www.d2core.com/d4/planner?bd=1i5x,https://www.bilibili.com/video/BV1hheKe1EAs/,811,2024-08-15T04:00:00Z,2024-08-15T04:00:00Z
打灯龙路过,sorcerer,153,softcore,"""""",https://www.bilibili.com/video/BV1rMeKehEFs/,651,2024-08-15T04:00:00Z,2024-08-15T04:00:00Z
Zir,rogue,140,softcore,https://maxroll.gg/d4/planner/wgajy07l,https://www.youtube.com/watch?v=3TYDwz56G8w,646,2024-08-16T04:00:00Z,2024-08-16T04:00:00Z
Arccueid,sorcerer,152,softcore,https://www.d2core.com/d4/planner?bd=1i2A,https://www.bilibili.com/video/BV1DT42167XP/,840,2024-08-16T04:00:00Z,2024-08-16T04:00:00Z
Worthless,sorcerer,120,softcore,"""""",https://www.youtube.com/watch?v=A9Z-mVWjtsc,290,2002-04-10T04:00:00Z,2002-04-10T04:00:00Z
Duncan,barbarian,101,softcore,"""""",https://youtu.be/tCsT131frgM?si=QOmyDyT2phXU_WL0,74,2024-08-17T04:00:00Z,2024-08-17T04:00:00Z
古一小法師,sorcerer,101,softcore,"""""",https://www.bilibili.com/video/BV1YcpdeFECQ/?vd_source=2b0ea61e474837ce24927ebd63e0137e,82,2024-08-17T04:00:00Z,2024-08-17T04:00:00Z
Nemo,necromancer,135,softcore,"""""",https://www.youtube.com/watch?v=aEuxNDIt_Fg,849,2024-08-17T04:00:00Z,2024-08-17T04:00:00Z
鳳華,sorcerer,152,softcore,"""""",https://www.bilibili.com/video/BV1qr421M7tZ/,799,2024-08-17T04:00:00Z,2024-08-17T04:00:00Z
ChrisGrandPa,sorcerer,139,softcore,https://mobalytics.gg/diablo-4/profile/488e94b2-25a8-4b09-95aa-f74e532482cc/builds/fe5bcb74-9f16-443a-9d91-21a97b0594cd?coreTab=assigned-skills&equipmentTab=aspects-and-uniques&variantTab=0,https://www.youtube.com/watch?v=m4rllkRVAAI,882,2024-08-17T04:00:00Z,2024-08-17T04:00:00Z
Slott,rogue,144,softcore,"""""",https://www.youtube.com/watch?v=0dsxIE8ihLE,829,2024-08-17T04:00:00Z,2024-08-17T04:00:00Z
Seroc Ifkre,necromancer,144,softcore,https://www.wowhead.com/diablo-4/build/bone-spirit-endgame-16075,https://www.youtube.com/watch?v=6w4tmlBJpto,829,2024-08-17T04:00:00Z,2024-08-17T04:00:00Z
Stoyan Georgiev,rogue,132,softcore,"""""",https://www.youtube.com/watch?v=xPeNY9CrmF0,486,2024-08-17T04:00:00Z,2024-08-17T04:00:00Z
FP,rogue,143,softcore,"""""",https://www.youtube.com/watch?v=vJPN_KSU3pw,881,2024-08-17T04:00:00Z,2024-08-17T04:00:00Z
TheSixWings,necromancer,131,softcore,https://www.d2core.com/d4/planner?bd=1iKd,https://www.bilibili.com/video/BV1jqpdevEPf/,828,2024-08-17T04:00:00Z,2024-08-17T04:00:00Z
被占用的安,rogue,146,softcore,"""""",https://www.bilibili.com/video/BV1R7pRebEN2/,814,2024-08-17T04:00:00Z,2024-08-17T04:00:00Z
世界秩序变革者,sorcerer,145,softcore,"""""",https://www.bilibili.com/video/BV1CNpoejEPd/,524,2024-08-17T04:00:00Z,2024-08-17T04:00:00Z
松鹤灬,rogue,140,softcore,"""""",https://www.bilibili.com/video/BV1ub421J7Ev/,719,2024-08-17T04:00:00Z,2024-08-17T04:00:00Z
Caim,rogue,132,softcore,"""""",https://www.youtube.com/watch?v=y-xdoQgz14k,733,2024-08-17T04:00:00Z,2024-08-17T04:00:00Z
SKULM,necromancer,140,softcore,https://d4builds.gg/builds/3cf581ba-5a08-4d29-b17a-3154ff23ea14/?var=1,https://www.youtube.com/watch?v=voYRgpw2gTc,840,2024-08-17T04:00:00Z,2024-08-17T04:00:00Z
Virgorie,rogue,146,softcore,https://maxroll.gg/d4/planner/yja304gm#3,https://youtu.be/dDexImFWPtA,887,2024-08-17T04:00:00Z,2024-08-17T04:00:00Z
Doc,rogue,129,hardcore,"""""",https://www.youtube.com/watch?v=nR652bo6XeQ,341,2024-08-17T04:00:00Z,2024-08-17T04:00:00Z
鳳華,sorcerer,101,softcore,鳳華,https://www.bilibili.com/video/BV1KT421r77y/,43,2024-08-18T04:00:00Z,2024-08-18T04:00:00Z
Duncan,barbarian,130,softcore,"""""",https://youtu.be/Zlbp86Rtfvk?si=RZ3R7zA8OwlPcWua,763,2024-08-17T04:00:00Z,2024-08-17T04:00:00Z
Valens14,rogue,138,softcore,"""""",https://www.youtube.com/watch?v=ZdG19SBChDk,615,2024-08-17T04:00:00Z,2024-08-17T04:00:00Z
Mxmx,sorcerer,135,softcore,https://mobalytics.gg/diablo-4/profile/488e94b2-25a8-4b09-95aa-f74e532482cc/builds/fe5bcb74-9f16-443a-9d91-21a97b0594cd,https://youtu.be/Vl_j3iEJqkg?si=dnH4457I-G1kTAZx,449,2024-08-17T04:00:00Z,2024-08-17T04:00:00Z
Doc,rogue,131,hardcore,"""""",https://youtu.be/s1VH7JVrzbM,660,2024-08-17T04:00:00Z,2024-08-17T04:00:00Z
Casual,sorcerer,143,softcore,"""""",https://www.youtube.com/watch?v=VuxuEwR4T-8,807,2024-08-17T04:00:00Z,2024-08-17T04:00:00Z
Darkness,necromancer,137,softcore,"""""",https://www.youtube.com/watch?v=RY0uzRizgyY,467,2024-08-18T04:00:00Z,2024-08-18T04:00:00Z
Sion_Gaming,barbarian,120,softcore,https://d4builds.gg/builds/0a713162-dfd1-4e0e-93ed-3c6ba656fc2d/?var=1,https://www.youtube.com/watch?v=V7URXpRppv8,601,2024-08-18T04:00:00Z,2024-08-18T04:00:00Z
ShamanMovies,necromancer,142,softcore,"""""",https://www.youtube.com/watch?v=24BurX_Itmg,833,2024-08-18T04:00:00Z,2024-08-18T04:00:00Z
Aquarius,sorcerer,127,softcore,https://www.wowhead.com/diablo-4/de/build/diablo-4-zauberer-blitzspeer-only-mit-tyraels-25784,https://www.youtube.com/watch?v=GXrTpPrmbDA,642,2024-08-18T04:00:00Z,2024-08-18T04:00:00Z
Ragnar4150,sorcerer,141,softcore,"""""",https://www.youtube.com/watch?v=ryaNbvs-F1A,585,2024-08-18T04:00:00Z,2024-08-18T04:00:00Z
Tipunch,druid,140,softcore,"""""",https://www.youtube.com/watch?v=FnxTgB7CVXk&t=15s,891,2024-08-18T04:00:00Z,2024-08-18T04:00:00Z
Kinox,sorcerer,120,softcore,"""""",https://www.youtube.com/watch?v=Tyz2JOIcU1k,270,2024-08-18T04:00:00Z,2024-08-18T04:00:00Z
KodiSunshine,rogue,133,softcore,https://mobalytics.gg/diablo-4/builds/rogue/puncture?coreTab=assigned-skills&equipmentTab=aspects-and-uniques&variantTab=2,https://www.youtube.com/watch?v=OGLEaRUepl8,643,2024-08-18T04:00:00Z,2024-08-18T04:00:00Z
King Pig,necromancer,149,softcore,https://maxroll.gg/d4/planner/rr2u00bc,https://www.youtube.com/watch?v=SCEynQR6Yv8,791,2024-08-18T04:00:00Z,2024-08-18T04:00:00Z
秋葉-Akiha-,necromancer,147,softcore,https://www.d2core.com/d4/planner?bd=1hgs,https://www.bilibili.com/video/BV1hxWKeXE77/,822,2024-08-18T04:00:00Z,2024-08-18T04:00:00Z
LetzCuddle,sorcerer,121,softcore,"""""",https://youtu.be/twKu6X0xYNQ?si=7kwdqWtXnfe4z5VU,340,2024-08-18T04:00:00Z,2024-08-18T04:00:00Z
Roxy,sorcerer,130,softcore,https://mobalytics.gg/diablo-4/profile/38b701c3-2f34-41b8-b76a-419245ad2031/builds/2da9d6ba-95fc-4e0b-b5dd-3b11a28bfe73?coreTab=assigned-skills&equipmentTab=aspects-and-uniques&variantTab=4,https://www.youtube.com/watch?v=4BctNK0vINk,550,2024-08-17T04:00:00Z,2024-08-17T04:00:00Z
快感の向こう側,rogue,140,softcore,"""""",https://www.youtube.com/watch?v=6b66W_yyeYU,866,2024-08-18T04:00:00Z,2024-08-18T04:00:00Z
紫髪のれい,necromancer,110,softcore,"""""",https://www.youtube.com/watch?v=1e50p_HCYyE,438,2024-08-15T04:00:00Z,2024-08-15T04:00:00Z
あらったろう先輩,barbarian,101,softcore,https://maxroll.gg/d4/planner/012lu0xk#3,https://www.youtube.com/watch?v=a5hMXfVrAvc,204,2024-08-14T04:00:00Z,2024-08-14T04:00:00Z
sampy,rogue,132,softcore,https://mobalytics.gg/diablo-4/profile/11489c61-9c3b-4b76-bd4a-84bc9b5be91a/builds/866a86eb-dc57-4b62-a099-84eb1089fd2b?coreTab=assigned-skills&equipmentTab=aspects-and-uniques&variantTab=3,https://www.youtube.com/watch?v=FptJ0aM-a2k,570,2024-08-18T04:00:00Z,2024-08-18T04:00:00Z
sampy,rogue,134,softcore,https://mobalytics.gg/diablo-4/profile/11489c61-9c3b-4b76-bd4a-84bc9b5be91a/builds/866a86eb-dc57-4b62-a099-84eb1089fd2b?coreTab=assigned-skills&equipmentTab=aspects-and-uniques&variantTab=3,https://www.youtube.com/watch?v=VRMMgeFs2Jg,837,2024-08-18T04:00:00Z,2024-08-18T04:00:00Z
Haki,sorcerer,150,softcore,https://mobalytics.gg/diablo-4/profile/488e94b2-25a8-4b09-95aa-f74e532482cc/builds/5217ae04-dc1b-4b83-9c85-2a15b335ea41,https://www.youtube.com/watch?v=QZwn6hXwba0,832,2024-08-19T04:00:00Z,2024-08-19T04:00:00Z
Haki,sorcerer,151,softcore,https://mobalytics.gg/diablo-4/profile/488e94b2-25a8-4b09-95aa-f74e532482cc/builds/5217ae04-dc1b-4b83-9c85-2a15b335ea41,https://www.youtube.com/watch?v=pd5Hn9nFDEM,677,2024-08-19T04:00:00Z,2024-08-19T04:00:00Z
Flavio Neto,barbarian,126,softcore,https://d4builds.gg/builds/55eaf3f9-8e29-45ad-b9ce-a84d95148fc0/?var=0,https://www.youtube.com/watch?v=BCIlfaQMQaY,800,2024-08-18T04:00:00Z,2024-08-18T04:00:00Z
MattiasTheGamer,rogue,140,softcore,https://maxroll.gg/d4/planner/1u73e0c9#2,https://www.youtube.com/watch?v=l5Ae7HjWYnc,737,2024-08-19T04:00:00Z,2024-08-19T04:00:00Z
Lurkin,sorcerer,137,softcore,https://mobalytics.gg/diablo-4/profile/7a6796d2-fb9a-4afb-961b-fcb4cd9d088c/builds/68fb0879-c615-4fc7-ab1f-12f09e43901c?coreTab=assigned-skills&equipmentTab=aspects-and-uniques&variantTab=4,https://www.youtube.com/watch?v=iMNWIP7tUoo,408,2024-08-18T04:00:00Z,2024-08-18T04:00:00Z
sampy,rogue,135,softcore,https://mobalytics.gg/diablo-4/profile/11489c61-9c3b-4b76-bd4a-84bc9b5be91a/builds/866a86eb-dc57-4b62-a099-84eb1089fd2b?coreTab=assigned-skills&equipmentTab=aspects-and-uniques&variantTab=3,https://www.youtube.com/watch?v=3w-YkDDJtyo,624,2024-08-19T04:00:00Z,2024-08-19T04:00:00Z
Duncan,barbarian,131,softcore,"""""",https://youtu.be/RPypuORNMC0?si=khVLmy2pyhhx7AN2,719,2024-08-19T04:00:00Z,2024-08-19T04:00:00Z
鳳華,sorcerer,154,softcore,https://www.d2core.com/d4/planner?bd=1ixU,https://www.bilibili.com/video/BV1tW42197pn/,863,2024-08-18T04:00:00Z,2024-08-18T04:00:00Z
Faifa,barbarian,130,softcore,"""""",https://www.youtube.com/watch?v=otFxcSy_vD8,697,2024-08-19T04:00:00Z,2024-08-19T04:00:00Z
FARFAR,druid,140,softcore,"""""",https://www.youtube.com/watch?v=ONAg2meipDM,655,2024-08-19T04:00:00Z,2024-08-19T04:00:00Z
Fitz Plays,rogue,130,softcore,"""""",https://www.youtube.com/watch?v=0Ws9Qo793Lw,380,2024-08-19T04:00:00Z,2024-08-19T04:00:00Z
Whatever the Meta,necromancer,130,softcore,https://d4builds.gg/builds/14f94ca5-77f7-4592-9909-5cdfc044aa1a/?var=1,https://www.youtube.com/watch?v=wvNwfH1_3JM,852,2024-08-19T04:00:00Z,2024-08-19T04:00:00Z
ゴマぽん酢,sorcerer,145,softcore,https://maxroll.gg/d4/planner/z530o0iv,https://www.youtube.com/watch?v=1Be6Zw6JCRg,877,2024-08-19T04:00:00Z,2024-08-19T04:00:00Z
AnhLaVN,barbarian,136,softcore,"""""",https://www.youtube.com/watch?v=C_Zt1HyoBWQ,745,2024-08-19T04:00:00Z,2024-08-19T04:00:00Z
SKULM,necromancer,144,softcore,https://d4builds.gg/builds/3cf581ba-5a08-4d29-b17a-3154ff23ea14/?var=1,https://www.youtube.com/watch?v=oV89OC-LECg,765,2024-08-19T04:00:00Z,2024-08-19T04:00:00Z
Roxy,sorcerer,135,softcore,https://mobalytics.gg/diablo-4/profile/38b701c3-2f34-41b8-b76a-419245ad2031/builds/2da9d6ba-95fc-4e0b-b5dd-3b11a28bfe73,https://www.youtube.com/watch?v=NCGPNtpoBwI&t=3s,877,2024-08-19T04:00:00Z,2024-08-19T04:00:00Z
Stoyan Georgiev,rogue,138,softcore,"""""",https://www.youtube.com/watch?v=yC0ifZJH5L8,740,2024-08-19T04:00:00Z,2024-08-19T04:00:00Z
枫叶千支,rogue,143,softcore,https://www.d2core.com/d4/planner?bd=1iSP,https://www.bilibili.com/video/BV1kapUeREeG/,759,2024-08-19T04:00:00Z,2024-08-19T04:00:00Z
jacky0835,sorcerer,140,softcore,"""""",https://www.bilibili.com/video/BV1tFpSeiEqF/,777,2024-08-19T04:00:00Z,2024-08-19T04:00:00Z
AnhLaVN,barbarian,139,softcore,"""""",https://www.youtube.com/watch?v=kx3-fQwDqDk&t=11s,886,2024-08-19T04:00:00Z,2024-08-19T04:00:00Z
Beatdropper,barbarian,135,softcore,https://mobalytics.gg/diablo-4/profile/c0b6a1be-3705-4aa2-9164-aa58b7652451/builds/6dd81b65-df3d-4fd5-a3ae-0ec0ecd0cc1e,https://youtu.be/wcG-4nCd3dQ ,867,2024-08-19T04:00:00Z,2024-08-19T04:00:00Z
MrZeeQ,sorcerer,135,softcore,"""""",https://youtu.be/7MH_RQrI9qw,716,2024-08-20T04:00:00Z,2024-08-20T04:00:00Z
Tipunch,druid,141,softcore,"""""",https://www.youtube.com/watch?v=JShHKtvd9nI,583,2024-08-20T04:00:00Z,2024-08-20T04:00:00Z
OZR,rogue,145,softcore,"""""",https://www.youtube.com/watch?v=bOANDKLuB6w,763,2024-08-20T04:00:00Z,2024-08-20T04:00:00Z
枫叶千支,rogue,147,softcore,https://www.d2core.com/d4/planner?bd=1iSP,https://www.bilibili.com/video/BV1QXWnehEg1/,899,2024-08-20T04:00:00Z,2024-08-20T04:00:00Z
Bubule AceOfSpades,sorcerer,139,softcore,"""""",https://www.youtube.com/watch?v=lvxa2c9y92I,667,2024-08-18T04:00:00Z,2024-08-18T04:00:00Z
小爸爸五花肉,sorcerer,151,softcore,https://www.d2core.com/d4/planner?bd=1iwV,https://www.bilibili.com/video/BV1XXWpeuEdc/,672,2024-08-20T04:00:00Z,2024-08-20T04:00:00Z
fr0d0b0ls0n,druid,135,softcore,"""""",https://www.youtube.com/watch?v=k9y78BZf8x0,844,2024-08-20T04:00:00Z,2024-08-20T04:00:00Z
Seroc Ifkre,necromancer,147,softcore,"""""",https://www.youtube.com/watch?v=C7YalCEYNhc,862,2024-08-19T04:00:00Z,2024-08-19T04:00:00Z
FP,rogue,144,softcore,https://maxroll.gg/d4/planner/5pu70bp8,https://www.youtube.com/watch?v=8Ea4NKV6n1g,895,2024-08-20T04:00:00Z,2024-08-20T04:00:00Z
테이크홉,rogue,141,softcore,https://maxroll.gg/d4/planner/fc61v0iu,https://www.youtube.com/watch?v=U3UvVcvSMtQ,879,2024-08-19T04:00:00Z,2024-08-19T04:00:00Z
Doc,rogue,135,hardcore,"""""",https://youtu.be/fyZjbwY2U5E,816,2024-08-20T04:00:00Z,2024-08-20T04:00:00Z
考考你丫,rogue,146,softcore,"""""",https://www.bilibili.com/video/BV1EWpQeZExv/,586,2024-08-19T04:00:00Z,2024-08-19T04:00:00Z
Tipunch,druid,143,softcore,"""""",https://youtu.be/SDvhLwbRv1U,886,2024-08-21T04:00:00Z,2024-08-21T04:00:00Z
ABOMSHARI,barbarian,131,softcore,"""""",https://youtu.be/EZ7KvjhidSA?si=ctTHLwKw5lT5lS4_,845,2024-08-20T04:00:00Z,2024-08-20T04:00:00Z
King Pig,necromancer,152,softcore,https://maxroll.gg/d4/planner/u97vi0bx,https://www.youtube.com/watch?v=RfWFNWz7E7w,818,2024-08-20T04:00:00Z,2024-08-20T04:00:00Z
Nightcrush,sorcerer,149,softcore,https://mobalytics.gg/diablo-4/profile/488e94b2-25a8-4b09-95aa-f74e532482cc/builds/5217ae04-dc1b-4b83-9c85-2a15b335ea41?coreTab=assigned-skills&equipmentTab=aspects-and-uniques&variantTab=0,https://www.youtube.com/watch?v=52F-Z9FxeoQ,858,2024-08-20T04:00:00Z,2024-08-20T04:00:00Z
SKULM,necromancer,145,softcore,https://d4builds.gg/builds/3cf581ba-5a08-4d29-b17a-3154ff23ea14/?var=1,https://www.youtube.com/watch?v=38d3mriZ1T0,889,2024-08-21T04:00:00Z,2024-08-21T04:00:00Z
Mekuna,sorcerer,150,softcore,https://mobalytics.gg/diablo-4/profile/488e94b2-25a8-4b09-95aa-f74e532482cc/builds/f8f2696d-aad9-46ef-a581-f8de6651c52c,https://www.youtube.com/watch?v=16dYo04aklU,802,2024-08-20T04:00:00Z,2024-08-20T04:00:00Z
打灯龙路过,sorcerer,156,softcore,"""""",https://www.bilibili.com/video/BV1ZLWheiEXQ/,827,2024-08-21T04:00:00Z,2024-08-21T04:00:00Z
Pxxya,druid,152,softcore,https://d4builds.gg/builds/95e37781-cae5-48e5-afb0-91a2f7eceae7/?var=0,https://www.bilibili.com/video/BV1atWMeFEts/,746,2024-08-21T04:00:00Z,2024-08-21T04:00:00Z
Doc,necromancer,127,hardcore,"""""",https://youtu.be/ofzGi5p7g7s,412,2024-08-21T04:00:00Z,2024-08-21T04:00:00Z
!ashbringer,sorcerer,142,softcore,"""""",https://www.youtube.com/watch?v=2tGXh3ZKYsg,846,0224-08-20T04:56:02Z,0224-08-20T04:56:02Z
Doc,necromancer,135,hardcore,"""""",https://youtu.be/VlyAnnZPgBM,823,2024-08-21T04:00:00Z,2024-08-21T04:00:00Z
Keeper,rogue,134,softcore,https://maxroll.gg/d4/planner/tg1xc01v#3,https://www.youtube.com/watch?v=yIkNUnkd-Fg,722,2024-08-22T04:00:00Z,2024-08-22T04:00:00Z
Haki,sorcerer,152,softcore,https://mobalytics.gg/diablo-4/profile/488e94b2-25a8-4b09-95aa-f74e532482cc/builds/5217ae04-dc1b-4b83-9c85-2a15b335ea41,https://www.youtube.com/watch?v=coP188sHqM4,805,2024-09-21T04:00:00Z,2024-09-21T04:00:00Z
Zaramos666,sorcerer,137,softcore,https://maxroll.gg/d4/planner/m76vt0c2#1,https://youtu.be/trgCgUGPn8E,823,2024-08-22T04:00:00Z,2024-08-22T04:00:00Z
strykN,barbarian,133,softcore,"""""",https://youtu.be/OqwQkPQrNSo,873,2024-08-21T04:00:00Z,2024-08-21T04:00:00Z
King Pig,necromancer,153,softcore,"""""",https://www.youtube.com/watch?v=ZLMJ7g4WW8E&t=13s,851,2024-08-22T04:00:00Z,2024-08-22T04:00:00Z
Bao Cong,druid,136,softcore,"""""",https://www.youtube.com/watch?v=JvmSab1IMDc,641,2024-08-22T04:00:00Z,2024-08-22T04:00:00Z
ナンセンおじ,rogue,130,softcore,"""""",https://www.youtube.com/watch?v=8_NrBFbh_rw,871,2024-08-22T04:00:00Z,2024-08-22T04:00:00Z
でりろり,barbarian,128,softcore,https://d4builds.gg/builds/75f97144-e899-4312-a14a-bb18a9e60cd2/?var=1,https://www.youtube.com/watch?v=01X_E82iF7Q,829,2024-08-21T04:00:00Z,2024-08-21T04:00:00Z
King Pig,necromancer,154,softcore,https://maxroll.gg/d4/planner/kf9x70i3,https://www.youtube.com/watch?v=rZ8dJHQ8Qi4&t=3s,878,2024-08-22T04:00:00Z,2024-08-22T04:00:00Z
AnhLaVN,barbarian,140,softcore,"""""",https://www.youtube.com/watch?v=minAhR7RUVM,801,2024-08-20T04:00:00Z,2024-08-20T04:00:00Z
Hollow,rogue,140,softcore,https://maxroll.gg/d4/planner/8s87v0b1,https://youtu.be/JG50MdRpBIg?si=j_VmmHyivP5_RTxh,820,2024-08-22T04:00:00Z,2024-08-22T04:00:00Z
NinTanDao64,rogue,144,softcore,"""""",https://youtu.be/yyf_dNh062Q?si=ImNbz9j68g43Kqp_,827,2024-08-22T04:00:00Z,2024-08-22T04:00:00Z
Faifa,barbarian,135,softcore,https://d4builds.gg/builds/703ce757-e991-4654-8638-3bca0e37b983/?var=1,https://www.youtube.com/watch?v=4R24TE7szX0,705,2024-08-23T04:00:00Z,2024-08-23T04:00:00Z
Sberla,sorcerer,149,softcore,https://mobalytics.gg/diablo-4/profile/488e94b2-25a8-4b09-95aa-f74e532482cc/builds/5217ae04-dc1b-4b83-9c85-2a15b335ea41,https://www.youtube.com/watch?v=9nyObX19yDI,872,2024-08-23T04:00:00Z,2024-08-23T04:00:00Z
Elthario,druid,130,softcore,"""""",https://www.youtube.com/watch?v=ul-r2B61qTM,851,2024-08-23T04:00:00Z,2024-08-23T04:00:00Z
小耕耕是科学怪人,rogue,150,softcore,"""""",https://www.bilibili.com/video/BV1KoWjeVEeu/,719,2024-08-22T04:00:00Z,2024-08-22T04:00:00Z
迷你不贪,druid,152,softcore,"""""",https://www.bilibili.com/video/BV1rpWjevEe8/,884,2024-08-22T04:00:00Z,2024-08-22T04:00:00Z
杜康杜康,necromancer,150,softcore,"""""",https://www.bilibili.com/video/BV11pWXe3E3E/,781,2024-08-23T04:00:00Z,2024-08-23T04:00:00Z
Bubule AceOfSpades,sorcerer,140,softcore,"""""",https://www.youtube.com/watch?v=HcoqC8pDmKo,840,2024-08-23T04:00:00Z,2024-08-23T04:00:00Z
Winzik,necromancer,145,softcore,"""""",https://www.youtube.com/watch?v=JVaE9v4WRew,878,2024-08-23T04:00:00Z,2024-08-23T04:00:00Z
썽아,sorcerer,150,softcore,https://maxroll.gg/d4/planner/505w20bt#4,https://www.youtube.com/watch?v=_DL64DjB3WM,707,2024-08-22T04:00:00Z,2024-08-22T04:00:00Z
FARFAR,druid,143,softcore,"""""",https://www.youtube.com/watch?v=p4vAwZzx33o,855,2024-08-23T04:00:00Z,2024-08-23T04:00:00Z
Blurosity,druid,141,softcore,"""""",https://youtu.be/PyVd8vIhlHY,551,2024-08-22T04:00:00Z,2024-08-22T04:00:00Z
Bubule AceOfSpades,sorcerer,141,softcore,"""""",https://www.youtube.com/watch?v=VfdM99Clfnc,518,2024-08-23T04:00:00Z,2024-08-23T04:00:00Z
Kima,druid,133,softcore,"""""",https://www.youtube.com/watch?v=hp5z1zYxaz4,594,2024-08-23T04:00:00Z,2024-08-23T04:00:00Z
Caim,rogue,136,softcore,"""""",https://youtu.be/dNNmQHH-RSE,582,2024-08-24T04:00:00Z,2024-08-24T04:00:00Z
Virgorie,rogue,147,softcore,"""""",https://youtu.be/edrigYk2e3U,895,2024-08-24T04:00:00Z,2024-08-24T04:00:00Z
FP,rogue,145,softcore,"""""",https://www.youtube.com/watch?v=rzNiP1m3VoE,866,2024-08-23T04:00:00Z,2024-08-23T04:00:00Z
NoGameNoLife,rogue,136,softcore,"""""",https://youtu.be/StZ4WU-Ph4I,746,2024-08-24T04:00:00Z,2024-08-24T04:00:00Z
Sberla,sorcerer,150,softcore,"""""",https://www.youtube.com/watch?v=GhJsB-T1IGA,774,2024-08-24T04:00:00Z,2024-08-24T04:00:00Z
Zaramos666,sorcerer,101,softcore,https://maxroll.gg/d4/planner/m76vt0c2#3,https://youtu.be/alw9vWnJIrs,55,2024-08-24T04:00:00Z,2024-08-24T04:00:00Z
Roxy,sorcerer,140,softcore,https://mobalytics.gg/diablo-4/profile/38b701c3-2f34-41b8-b76a-419245ad2031/builds/b3757651-3c32-4016-b087-177a6a458d91?coreTab=assigned-skills&equipmentTab=aspects-and-uniques&variantTab=2,https://www.youtube.com/watch?v=BCasFaGxO38,732,2024-08-24T04:00:00Z,2024-08-24T04:00:00Z
ShamanMovies,necromancer,143,softcore,"""""",https://www.youtube.com/watch?v=sYgGRMNnCvI,577,2024-08-24T04:00:00Z,2024-08-24T04:00:00Z
kevin estoque,druid,150,softcore,"""""",https://www.youtube.com/watch?v=ugyCDkpp3jI,772,2024-08-23T04:00:00Z,2024-08-23T04:00:00Z
秋葉-Akiha-,necromancer,150,softcore,https://www.d2core.com/d4/planner?bd=1hg,https://www.bilibili.com/video/BV1HFWfeHErm/,636,2024-08-24T04:00:00Z,2024-08-24T04:00:00Z
Nightcrush,sorcerer,152,softcore,https://mobalytics.gg/diablo-4/profile/488e94b2-25a8-4b09-95aa-f74e532482cc/builds/5217ae04-dc1b-4b83-9c85-2a15b335ea41?coreTab=assigned-skills&equipmentTab=aspects-and-uniques&variantTab=0,https://youtu.be/pPZMsyyaVag?si=SIcjEOM61dGj2kc0&t=405,883,2024-08-24T04:00:00Z,2024-08-24T04:00:00Z
FARFAR,druid,144,softcore,"""""",https://www.youtube.com/watch?v=wpG9nSxwciw,701,2024-08-23T04:00:00Z,2024-08-23T04:00:00Z
Keeper,rogue,135,softcore,https://maxroll.gg/d4/planner/tg1xc01v#3,https://www.youtube.com/watch?v=OoTDhKSIk8M,888,2024-08-24T04:00:00Z,2024-08-24T04:00:00Z
Hollow,rogue,142,softcore,https://maxroll.gg/d4/planner/8s87v0b1,https://www.youtube.com/watch?v=at5iUGooVSE,899,2024-08-25T04:00:00Z,2024-08-25T04:00:00Z
Blurosity,druid,144,softcore,https://d4builds.gg/builds/36297aaf-028e-488d-b1ee-58f318fe911d/?var=0,https://youtu.be/oi6_xyEjtdo,724,2024-08-24T04:00:00Z,2024-08-24T04:00:00Z
Doc,rogue,101,hardcore,"""""",https://youtu.be/zFlmBgLdgZc,117,2024-08-24T04:00:00Z,2024-08-24T04:00:00Z
NoGameNoLife,rogue,140,softcore,"""""",https://youtu.be/1d-xl2BrVLA?si=6q7CPLu39yjtWe7Y,556,2024-08-25T04:00:00Z,2024-08-25T04:00:00Z
!ashbringer,sorcerer,145,softcore,"""""",https://www.youtube.com/watch?v=-blZk7jMShU,532,2024-08-25T04:00:00Z,2024-08-25T04:00:00Z
FARFAR,druid,145,softcore,https://maxroll.gg/d4/planner/il870phh#1,https://www.youtube.com/watch?v=yWKWaS-jjwk,777,2024-08-24T04:00:00Z,2024-08-24T04:00:00Z
Doc,rogue,101,hardcore,"""""",https://youtu.be/LviCJzRF8Mw,99,2024-08-25T04:00:00Z,2024-08-25T04:00:00Z
迷你不贪,druid,153,softcore,"""""",https://www.bilibili.com/video/BV1vUWeerEUj/,844,2024-08-24T04:00:00Z,2024-08-24T04:00:00Z
小耕耕是科学怪人,rogue,153,softcore,"""""",https://www.bilibili.com/video/BV1YEWBemEYA/,741,2024-08-24T04:00:00Z,2024-08-24T04:00:00Z
Cranks,rogue,145,softcore,"""""",https://www.youtube.com/watch?v=7J6WJgZSWqU,747,1986-01-10T05:00:00Z,1986-01-10T05:00:00Z
ChrisGrandPa,sorcerer,143,softcore,https://mobalytics.gg/diablo-4/profile/488e94b2-25a8-4b09-95aa-f74e532482cc/builds/5217ae04-dc1b-4b83-9c85-2a15b335ea41,https://www.youtube.com/watch?v=wQM2-ITouHk,899,2024-08-25T04:00:00Z,2024-08-25T04:00:00Z
Zir,rogue,145,softcore,https://maxroll.gg/d4/planner/y21l60pz,https://www.youtube.com/watch?v=Evvsx0EiTfg&t=481s,805,2024-08-25T04:00:00Z,2024-08-25T04:00:00Z
Virgorie,rogue,148,softcore,https://maxroll.gg/d4/planner/yja304gm#4,https://youtu.be/04LjYU1Zak0,860,2024-08-26T04:00:00Z,2024-08-26T04:00:00Z
Blurosity,druid,146,softcore,https://d4builds.gg/builds/36297aaf-028e-488d-b1ee-58f318fe911d/?var=0,https://youtu.be/-QqHeQOnc4k,869,2024-08-25T04:00:00Z,2024-08-25T04:00:00Z
Luna,sorcerer,135,softcore,"""""",https://youtu.be/mDs4zhiALkc,504,2024-08-26T04:00:00Z,2024-08-26T04:00:00Z
PetitBOT,rogue,136,softcore,https://maxroll.gg/d4/planner/nl2b30ms#1,https://www.youtube.com/watch?v=Dl9PQTeyIp0&t=1s&ab_channel=PetitBOT,801,2024-08-25T04:00:00Z,2024-08-25T04:00:00Z
鱼某人不想说话,rogue,139,softcore,"""""",https://www.bilibili.com/video/BV1GBWZeiELx/,808,2024-08-24T04:00:00Z,2024-08-24T04:00:00Z
Zir,rogue,146,softcore,"""""",https://www.youtube.com/watch?v=qe2ZMxITZlw,746,2024-08-26T04:00:00Z,2024-08-26T04:00:00Z
D3M0N,rogue,120,softcore,"""""",https://youtu.be/j48vlTurnII,251,2024-08-26T04:00:00Z,2024-08-26T04:00:00Z
Zir,rogue,147,softcore,"""""",https://www.youtube.com/watch?v=HZ1JItEiO54,887,2024-08-26T04:00:00Z,2024-08-26T04:00:00Z
Caim,rogue,138,softcore,"""""",https://youtu.be/-G3FQzw2Qx0,680,2024-08-27T04:00:00Z,2024-08-27T04:00:00Z
Maxim Kostrov,barbarian,132,softcore,"""""",https://www.youtube.com/watch?v=PdAFSS8p1HY,889,2024-08-27T04:00:00Z,2024-08-27T04:00:00Z
ProPain,sorcerer,147,softcore,"""""",https://www.youtube.com/watch?v=HtRw_I_P_QE,556,2024-08-22T04:00:00Z,2024-08-22T04:00:00Z
Shaman,necromancer,145,softcore,"""""",https://www.youtube.com/watch?v=vtC_8bwSyAg,679,2024-08-26T04:00:00Z,2024-08-26T04:00:00Z
Thesssain,necromancer,150,softcore,https://maxroll.gg/d4/planner/o39ue0i2,https://www.youtube.com/watch?v=PlWRc177Ovk,779,2024-08-26T04:00:00Z,2024-08-26T04:00:00Z
pichapao,rogue,135,softcore,https://maxroll.gg/d4/planner/44ntu0vg#5,https://youtu.be/hYFPWp08uZA,782,2024-08-27T04:00:00Z,2024-08-27T04:00:00Z
pichapao,rogue,101,softcore,https://maxroll.gg/d4/planner/44ntu0vg#5,https://youtu.be/4XTKFXqBY-8,96,2024-08-27T04:00:00Z,2024-08-27T04:00:00Z
Kima,druid,135,softcore,"""""",https://www.youtube.com/watch?v=YJ0HWXS1JE8,720,2024-08-27T04:00:00Z,2024-08-27T04:00:00Z
Cranks,rogue,149,softcore,"""""",https://www.youtube.com/watch?v=T_jrQCvba_4,879,2024-08-27T04:00:00Z,2024-08-27T04:00:00Z
Zir,rogue,148,softcore,"""""",https://www.youtube.com/watch?v=72HJU6qFSS0,694,2024-08-27T04:00:00Z,2024-08-27T04:00:00Z
KAMIL,druid,144,softcore,"""""",https://youtu.be/DBAGnscNeWM,883,2024-08-27T04:00:00Z,2024-08-27T04:00:00Z
Maxim Kostrov,barbarian,133,softcore,https://d4builds.gg/builds/9d8f8130-50c8-4ff2-9d66-948479df1b31/?var=0,https://www.youtube.com/watch?v=ni0n8Qfjt8I,842,2024-08-28T04:00:00Z,2024-08-28T04:00:00Z
Hollow,rogue,145,softcore,https://maxroll.gg/d4/planner/yja304gm#4,https://youtu.be/e_Ut8Ch9TnI,871,2024-08-27T04:00:00Z,2024-08-27T04:00:00Z
杜康杜康,necromancer,155,softcore,"""""",https://www.bilibili.com/video/BV1K1steVE3T/,864,2024-08-27T04:00:00Z,2024-08-27T04:00:00Z
ProPain,sorcerer,150,softcore,https://mobalytics.gg/diablo-4/profile/488e94b2-25a8-4b09-95aa-f74e532482cc/builds/5217ae04-dc1b-4b83-9c85-2a15b335ea41?coreTab=assigned-skills&equipmentTab=gear-stats&variantTab=0,https://www.youtube.com/watch?v=vC2LsPPBUKI,734,2024-08-27T04:00:00Z,2024-08-27T04:00:00Z
Andy,barbarian,140,softcore,https://d4builds.gg/builds/9d721587-8e27-429f-b183-8f9fa92a7e40/?var=5,https://www.youtube.com/watch?v=mu2KQb42ttM,870,2024-08-27T04:00:00Z,2024-08-27T04:00:00Z
FARFAR,druid,146,softcore,"""""",https://www.youtube.com/watch?v=fzV7YFhkimQ,822,2024-08-28T04:00:00Z,2024-08-28T04:00:00Z
Doc,rogue,101,hardcore,"""""",https://youtu.be/mvhKt-_7F2M,64,2024-08-27T04:00:00Z,2024-08-27T04:00:00Z
打灯龙路过,sorcerer,157,softcore,"""""",https://www.bilibili.com/video/BV1Y9sMeKEmQ/,882,2024-08-28T04:00:00Z,2024-08-28T04:00:00Z
Skeltah,sorcerer,153,softcore,"""""",https://www.youtube.com/watch?v=d-NBpJ_MRvY,833,2024-08-28T04:00:00Z,2024-08-28T04:00:00Z
NoGameNoLife,rogue,142,softcore,"""""",https://youtu.be/nHQlmbxfOsI?si=f_mw574JY9Yh8wqg,678,2024-08-28T04:00:00Z,2024-08-28T04:00:00Z
Doc,rogue,137,hardcore,"""""",https://youtu.be/73nccFdPros,749,2024-08-26T04:00:00Z,2024-08-26T04:00:00Z
Cranks,rogue,151,softcore,"""""",https://www.youtube.com/watch?v=WJv4RX3BnmU,887,2024-08-28T04:00:00Z,2024-08-28T04:00:00Z
ScytheX,druid,138,softcore,"""""",https://www.youtube.com/watch?v=ymr8Wxw0vXk,787,2024-08-28T04:00:00Z,2024-08-28T04:00:00Z
Sberla,sorcerer,151,softcore,https://mobalytics.gg/diablo-4/profile/488e94b2-25a8-4b09-95aa-f74e532482cc/builds/5217ae04-dc1b-4b83-9c85-2a15b335ea41,https://www.youtube.com/watch?v=onR0SmMTJFo,560,2024-08-27T04:00:00Z,2024-08-27T04:00:00Z
videogamebutter,druid,135,softcore,https://d4builds.gg/builds/434d0662-57d4-4d52-b0a0-82633c53ee32/?var=1,https://youtu.be/igI8dqQvUnI,818,2024-08-27T04:00:00Z,2024-08-27T04:00:00Z
Zir,rogue,149,softcore,"""""",https://www.youtube.com/watch?v=T-0ddIiIGyc,724,2024-08-28T04:00:00Z,2024-08-28T04:00:00Z
Zir,rogue,150,softcore,"""""",https://www.youtube.com/watch?v=ODHdWeudD50,845,2024-08-28T04:00:00Z,2024-08-28T04:00:00Z
Kima,druid,138,softcore,"""""",https://www.youtube.com/watch?v=2_zS4Izryvw,720,2024-08-27T04:00:00Z,2024-08-27T04:00:00Z
ChrisGrandPa,sorcerer,144,softcore,https://mobalytics.gg/diablo-4/profile/488e94b2-25a8-4b09-95aa-f74e532482cc/builds/5217ae04-dc1b-4b83-9c85-2a15b335ea41,https://www.youtube.com/watch?v=hxyuVB6E27w,744,2024-08-28T04:00:00Z,2024-08-28T04:00:00Z
Wingkent,sorcerer,151,softcore,"""""",https://www.youtube.com/watch?v=8GKEBlGvUBk,789,2024-08-27T04:00:00Z,2024-08-27T04:00:00Z
ChrisGrandPa,sorcerer,145,softcore,https://mobalytics.gg/diablo-4/profile/488e94b2-25a8-4b09-95aa-f74e532482cc/builds/5217ae04-dc1b-4b83-9c85-2a15b335ea41,https://www.youtube.com/watch?v=RoJ4EuRMtqM,866,2024-08-29T04:00:00Z,2024-08-29T04:00:00Z
考考你丫,rogue,157,softcore,https://www.d2core.com/d4/planner?bd=1nZd,https://www.bilibili.com/video/BV1rAsGedEdn/,852,2024-08-28T04:00:00Z,2024-08-28T04:00:00Z
NinTanDao64,rogue,145,softcore,"""""",https://youtu.be/CWnJQtbWXiA?si=U5rV9xS1KvjRGpw2,771,2024-08-28T04:00:00Z,2024-08-28T04:00:00Z
Skeezy,sorcerer,136,softcore,"""""",https://www.youtube.com/watch?v=KyS1YkVr4Vk,351,2024-08-28T04:00:00Z,2024-08-28T04:00:00Z
SKULM,necromancer,151,softcore,https://d4builds.gg/builds/3cf581ba-5a08-4d29-b17a-3154ff23ea14/?var=1,https://youtu.be/xpR_GRSVEQw?si=OhYe-kQzby4NDydg,883,2024-08-28T04:00:00Z,2024-08-28T04:00:00Z
Sukhenkiy,rogue,140,softcore,https://www.youtube.com/redirect?event=video_description&redir_token=QUFFLUhqbFgyRWs1VVI1aWhDcmJCQ2dVN0JuWWc1Rm16QXxBQ3Jtc0ttZlVpdjZ3bXA3WUUwWWs0cTR2WElCaFk1UUk5NUVjRUlCbFpfZ0swbkl6NmFZYjZtMF9sTk9WNDVtR3VDSHBwQ2V0WlVPbldNWURVS2pJRVBqRUZWSmpmcEFsdUp3SF9IMlpIVV9lMGQtR3FTalZuVQ&q=https%3A%2F%2Fmaxroll.gg%2Fd4%2Fplanner%2Fyja304gm%233&v=W-ppDCKg26U,https://youtu.be/W-ppDCKg26U?si=FGwJCli7XDk_2FfO,760,2024-08-28T04:00:00Z,2024-08-28T04:00:00Z
BarroziK,sorcerer,143,softcore,"""""",https://www.youtube.com/watch?v=j5G1Djp6p_c,610,2024-08-29T04:00:00Z,2024-08-29T04:00:00Z
FP,rogue,146,softcore,"""""",https://youtu.be/t9dXMdlhUug,857,2024-08-29T04:00:00Z,2024-08-29T04:00:00Z
swa99y,barbarian,134,softcore,"""""",https://www.youtube.com/watch?v=z6OAgOD-zFI,867,2024-08-30T04:00:00Z,2024-08-30T04:00:00Z
Zzzz,sorcerer,134,softcore,"""""",https://youtu.be/1dEMFFTT5VI?si=9ViRkaCZj88IdCPN,466,2024-08-29T04:00:00Z,2024-08-29T04:00:00Z
秋葉-Akiha-,necromancer,156,softcore,https://www.d2core.com/d4/planner?bd=1hgs,https://www.bilibili.com/video/BV17PHgeqEu9/,875,2024-08-29T04:00:00Z,2024-08-29T04:00:00Z
小爸爸五花肉,sorcerer,153,softcore,https://www.d2core.com/d4/planner?bd=1iwV,https://www.bilibili.com/video/BV1YuHMexEhx/,834,2024-08-29T04:00:00Z,2024-08-29T04:00:00Z
videogamebutter,druid,140,softcore,https://d4builds.gg/builds/434d0662-57d4-4d52-b0a0-82633c53ee32/?var=2,https://youtu.be/rJqvIIwF4Q0,758,2024-08-29T04:00:00Z,2024-08-29T04:00:00Z
MarsicanBear,rogue,140,softcore,"""""",https://www.youtube.com/watch?v=bJzmuOYG-vA,550,2024-08-29T04:00:00Z,2024-08-29T04:00:00Z
PSDK,barbarian,141,softcore,"""""",https://youtu.be/vU_kd2zhyi8,856,2024-08-30T04:00:00Z,2024-08-30T04:00:00Z
ProPain,sorcerer,151,softcore,"""""",https://www.youtube.com/watch?v=R0F6QfTwvWo,746,2024-08-29T04:00:00Z,2024-08-29T04:00:00Z
Sberla,sorcerer,153,softcore,https://mobalytics.gg/diablo-4/profile/488e94b2-25a8-4b09-95aa-f74e532482cc/builds/5217ae04-dc1b-4b83-9c85-2a15b335ea41,https://www.youtube.com/watch?v=GtmYWhCGbxU,798,2024-08-29T04:00:00Z,2024-08-29T04:00:00Z
GorillaJuice,sorcerer,150,softcore,"""""",https://www.youtube.com/watch?v=b3q1eAh4rBk,669,2024-08-29T04:00:00Z,2024-08-29T04:00:00Z
Cranks,rogue,154,softcore,https://maxroll.gg/d4/planner/b339g0xa,https://www.youtube.com/watch?v=A06ynCORYLo,887,2024-08-30T04:00:00Z,2024-08-30T04:00:00Z
ProPain,sorcerer,152,softcore,"""""",https://www.youtube.com/watch?v=f3ESouSw2-M,820,2024-08-29T04:00:00Z,2024-08-29T04:00:00Z
MarsicanBear,rogue,142,softcore,"""""",https://youtu.be/V7HoKX-Zunk,532,2024-08-30T04:00:00Z,2024-08-30T04:00:00Z
swa99y,barbarian,135,softcore,https://d4builds.gg/builds/a431b104-7765-4344-83a7-4681a4e03216/?var=0,https://www.youtube.com/watch?v=yMM9tkmu_M0,896,2024-08-31T04:00:00Z,2024-08-31T04:00:00Z
RR1,sorcerer,151,softcore,"""""",https://www.youtube.com/watch?v=zLpBTlBxsQE,777,2024-08-31T04:00:00Z,2024-08-31T04:00:00Z
CARNAGE,sorcerer,150,softcore,"""""",https://www.youtube.com/watch?v=8TBzzT8UCA0,717,2024-08-30T04:00:00Z,2024-08-30T04:00:00Z
Skeltah,sorcerer,154,softcore,"""""",https://www.youtube.com/watch?v=SSfa3V5_Xvk,825,2024-08-30T04:00:00Z,2024-08-30T04:00:00Z
LIANG本人,necromancer,150,softcore,"""""",https://www.bilibili.com/video/BV1RxHEeWEut/,883,2024-08-30T04:00:00Z,2024-08-30T04:00:00Z
Sukhenkiy,rogue,141,softcore,https://maxroll.gg/d4/planner/yja304gm#3,https://youtu.be/bkFcdSkYtvI,811,2024-08-30T04:00:00Z,2024-08-30T04:00:00Z
SKULM,necromancer,152,softcore,https://d4builds.gg/builds/3cf581ba-5a08-4d29-b17a-3154ff23ea14/?var=1,https://youtu.be/mJTgB12XH_M?si=Cr0JyVlMwpPBj7O4,880,2024-08-29T04:00:00Z,2024-08-29T04:00:00Z
GorillaJuice,sorcerer,151,softcore,"""""",https://www.youtube.com/watch?v=H165rt1-hRY,745,2024-08-30T04:00:00Z,2024-08-30T04:00:00Z
Cranks,rogue,155,softcore,https://maxroll.gg/d4/planner/b339g0xa,https://www.youtube.com/watch?v=SzOHxSCpJ9k,849,2024-08-30T04:00:00Z,2024-08-30T04:00:00Z
Mekuna,sorcerer,158,softcore,https://mobalytics.gg/diablo-4/profile/488e94b2-25a8-4b09-95aa-f74e532482cc/builds/5217ae04-dc1b-4b83-9c85-2a15b335ea41,https://www.youtube.com/watch?v=e4SV7r0dXwM,899,2024-08-30T04:00:00Z,2024-08-30T04:00:00Z
考考你丫,rogue,158,softcore,https://www.d2core.com/d4/planner?bd=1nZd,https://www.bilibili.com/video/BV1jQnQeQE2n/,889,2024-08-30T04:00:00Z,2024-08-30T04:00:00Z
ChrisGrandPa,sorcerer,146,softcore,https://mobalytics.gg/diablo-4/profile/488e94b2-25a8-4b09-95aa-f74e532482cc/builds/5217ae04-dc1b-4b83-9c85-2a15b335ea41,https://www.youtube.com/watch?v=QWeEJdDViZc,642,2024-08-08T04:00:00Z,2024-08-08T04:00:00Z
Skeltah,sorcerer,155,softcore,"""""",https://www.youtube.com/watch?v=lcDGzAJQ0XI,713,2024-08-30T04:00:00Z,2024-08-30T04:00:00Z
ChrisGrandPa,sorcerer,148,softcore,https://mobalytics.gg/diablo-4/profile/488e94b2-25a8-4b09-95aa-f74e532482cc/builds/5217ae04-dc1b-4b83-9c85-2a15b335ea41,https://www.youtube.com/watch?v=9tmPsAJ-EPc,741,2024-08-31T04:00:00Z,2024-08-31T04:00:00Z
Zir,rogue,151,softcore,"""""",https://www.youtube.com/watch?v=jdM8LQenMwE,765,2024-08-31T04:00:00Z,2024-08-31T04:00:00Z
Zir,rogue,152,softcore,"""""",https://www.youtube.com/watch?v=nTwHgIn17WQ,833,2024-08-31T04:00:00Z,2024-08-31T04:00:00Z
pichapao,rogue,101,softcore,https://maxroll.gg/d4/planner/44ntu0vg#4,https://youtu.be/E1Fbeq_CsYY,76,2024-08-31T04:00:00Z,2024-08-31T04:00:00Z
n3m0,sorcerer,151,softcore,"""""",https://youtu.be/ArW9xJ_jTno,787,2024-08-31T04:00:00Z,2024-08-31T04:00:00Z
Sukhenkiy,rogue,142,softcore,Build Andariel Barrage Rogue  - https://maxroll.gg/d4/planner/yja304gm#3,https://youtu.be/s597boCQqoo,866,2024-08-31T04:00:00Z,2024-08-31T04:00:00Z
fr0d0b0ls0n,druid,139,softcore,https://maxroll.gg/d4/planner/ui9ik0c0#6,https://youtu.be/tFuAZCIhyDo,875,2024-08-25T04:00:00Z,2024-08-25T04:00:00Z
BarroziK,sorcerer,145,softcore,"""""",https://www.youtube.com/watch?v=T-bfy_Tx7d0,693,2024-08-31T04:00:00Z,2024-08-31T04:00:00Z
NoGameNoLife,rogue,145,softcore,https://maxroll.gg/d4/planner/ym58m0qp,https://youtu.be/rvq36qVpOcg?si=SEfXrxAAWtGqnGJ4,828,2024-08-31T04:00:00Z,2024-08-31T04:00:00Z
Dawg33,sorcerer,151,softcore,"""""",www.youtube.com/watch?v=IrQRG8zVpdg,860,2024-08-31T04:00:00Z,2024-08-31T04:00:00Z
MarsicanBear,rogue,145,softcore,"""""",https://youtu.be/yX8PgwjnRsE,828,2024-08-31T04:00:00Z,2024-08-31T04:00:00Z
PetitBOT,rogue,140,softcore,https://maxroll.gg/d4/planner/7o58k0qa#2,https://www.youtube.com/watch?v=Cg24t9yVBDE&ab_channel=PetitBOT,819,2024-08-30T04:00:00Z,2024-08-30T04:00:00Z
迷你不贪,druid,154,softcore,"""""",https://www.bilibili.com/video/BV1a5nfecEzU/,801,2024-08-31T04:00:00Z,2024-08-31T04:00:00Z
Pinkkuma,sorcerer,150,softcore,https://diablo4.inven.co.kr/db/paragon/76734,https://www.youtube.com/watch?v=cRaJC14NjdM,869,2024-09-01T04:00:00Z,2024-09-01T04:00:00Z
voidseer,sorcerer,152,softcore,https://maxroll.gg/d4/planner/xp6bu0xo,https://www.youtube.com/watch?v=Noxgnc1h8aI,697,2024-08-31T04:00:00Z,2024-08-31T04:00:00Z
打灯龙路过,sorcerer,158,softcore,"""""",https://www.bilibili.com/video/BV1XoHYebEwc/,890,2024-09-01T04:00:00Z,2024-09-01T04:00:00Z
sampy,sorcerer,146,softcore,https://mobalytics.gg/diablo-4/profile/488e94b2-25a8-4b09-95aa-f74e532482cc/builds/5217ae04-dc1b-4b83-9c85-2a15b335ea41,https://www.youtube.com/watch?v=JY7fwIpxKno,657,2024-09-01T04:00:00Z,2024-09-01T04:00:00Z
PSDK,barbarian,143,softcore,"""""",https://youtu.be/b-CHtDva7Gk,893,2024-09-01T04:00:00Z,2024-09-01T04:00:00Z
Virgorie,rogue,149,softcore,https://maxroll.gg/d4/planner/yja304gm#4,https://youtu.be/7eU5epcU9a0,890,2024-09-01T04:00:00Z,2024-09-01T04:00:00Z
swa99y,barbarian,136,softcore,https://d4builds.gg/builds/a431b104-7765-4344-83a7-4681a4e03216/?var=0,https://www.youtube.com/watch?v=kRNP87G4z84,892,2024-09-02T04:00:00Z,2024-09-02T04:00:00Z
MarsicanBear,rogue,146,softcore,"""""",https://youtu.be/NYdWps3u9e0,603,2024-09-01T04:00:00Z,2024-09-01T04:00:00Z
ChrisGrandPa,sorcerer,149,softcore,https://mobalytics.gg/diablo-4/profile/488e94b2-25a8-4b09-95aa-f74e532482cc/builds/5217ae04-dc1b-4b83-9c85-2a15b335ea41,https://www.youtube.com/watch?v=H_LDZJGCF54,893,2024-09-02T04:00:00Z,2024-09-02T04:00:00Z
Heyashi,sorcerer,138,hardcore,"""""",https://www.youtube.com/watch?v=71TcHMAa1cY,794,2024-09-01T04:00:00Z,2024-09-01T04:00:00Z
Rise,necromancer,130,softcore,https://maxroll.gg/d4/planner/hc17j0sv#8,https://www.youtube.com/watch?v=yGj_-yktl6Q,827,2024-09-01T04:00:00Z,2024-09-01T04:00:00Z
Shaman,necromancer,148,softcore,"""""",https://www.youtube.com/watch?v=TErYdODvwFI,854,2024-08-26T04:00:00Z,2024-08-26T04:00:00Z
sampy,sorcerer,148,softcore,https://mobalytics.gg/diablo-4/builds/sorcerer/mekuna-lightning-spear,https://www.youtube.com/watch?v=7NcLsibazZE,887,2024-09-02T04:00:00Z,2024-09-02T04:00:00Z
Mekuna,sorcerer,158,softcore,https://moba.lol/Mekuna,https://www.youtube.com/watch?v=v2AVJuuZBAM,835,2024-09-02T04:00:00Z,2024-09-02T04:00:00Z
Zir,rogue,153,softcore,"""""",https://www.youtube.com/watch?v=_XLtAT9Wrc4,729,2024-09-02T04:00:00Z,2024-09-02T04:00:00Z
KrepkiyTuz,sorcerer,149,softcore,"""""",https://www.youtube.com/watch?v=C5nUvsdUnxk,808,1990-12-22T05:00:00Z,1990-12-22T05:00:00Z
唯沐千秋,sorcerer,154,softcore,"""""",https://www.bilibili.com/video/BV1PQHCeCEY1/,840,2024-09-02T04:00:00Z,2024-09-02T04:00:00Z
zebrabit,sorcerer,152,softcore,"""""",https://youtu.be/gTYUUhBDpAk?si=OH_WHI2n3LW17Jvi,838,2024-09-01T04:00:00Z,2024-09-01T04:00:00Z
Sagittarian,rogue,145,softcore,"""""",https://youtu.be/TJllemmSgZw,848,2024-09-02T04:00:00Z,2024-09-02T04:00:00Z
Darin,sorcerer,147,softcore,https://mobalytics.gg/diablo-4/profile/488e94b2-25a8-4b09-95aa-f74e532482cc/builds/5217ae04-dc1b-4b83-9c85-2a15b335ea41,https://www.youtube.com/watch?v=2YMbCsd3SN4,487,2024-09-01T04:00:00Z,2024-09-01T04:00:00Z
Zaramos666,sorcerer,140,softcore,https://maxroll.gg/d4/planner/m76vt0c2#2,https://youtu.be/410od-wZDxE,887,2024-09-02T04:00:00Z,2024-09-02T04:00:00Z
Muromez,sorcerer,155,softcore,https://maxroll.gg/d4/planner/db9bg0x1#1,https://www.youtube.com/watch?v=-rAAYQ_1psQ,890,2024-09-02T04:00:00Z,2024-09-02T04:00:00Z
DraGuNoVxTT,sorcerer,134,softcore,"""""",https://youtu.be/Anwt2GQ5c84,857,2024-09-02T04:00:00Z,2024-09-02T04:00:00Z
KILDREGAN,druid,143,softcore,"""""",https://www.youtube.com/watch?v=Ikhk-OfLRlA,704,2024-09-03T04:00:00Z,2024-09-03T04:00:00Z
BarroziK,sorcerer,146,softcore,"""""",https://youtu.be/63wSFciZ4BA,611,2024-09-02T04:00:00Z,2024-09-02T04:00:00Z
BarroziK,sorcerer,148,softcore,"""""",https://www.youtube.com/watch?v=E9dZgzzTUjQ,602,2024-09-02T04:00:00Z,2024-09-02T04:00:00Z
BarroziK,sorcerer,150,softcore,"""""",https://youtu.be/ZZskAtQTzoU,893,2024-09-02T04:00:00Z,2024-09-02T04:00:00Z
Sagittarian,rogue,146,softcore,"""""",https://youtu.be/3LhmqU8z3a4,866,2024-09-03T04:00:00Z,2024-09-03T04:00:00Z
RR1,sorcerer,152,softcore,"""""",https://www.youtube.com/watch?v=u6EFEU37MDs,805,2024-09-03T04:00:00Z,2024-09-03T04:00:00Z
marcx88#2475,sorcerer,125,softcore,"""""",https://www.youtube.com/watch?v=HXBRBM9jQuE,290,2024-08-30T04:00:00Z,2024-08-30T04:00:00Z
voidseer,sorcerer,153,softcore,maxroll.gg/d4/planner/6waze0xb,https://www.youtube.com/watch?v=PGS5UI60w8w,646,2024-09-03T04:00:00Z,2024-09-03T04:00:00Z
MarsicanBear,rogue,148,softcore,https://maxroll.gg/d4/planner/q7b120x1,https://youtu.be/ma3dzmO8y6Y,772,2024-09-03T04:00:00Z,2024-09-03T04:00:00Z
Pinkkuma,sorcerer,151,softcore,https://diablo4.inven.co.kr/db/paragon/76734,https://www.youtube.com/watch?v=5_WroPZq8k4,714,2024-09-03T04:00:00Z,2024-09-03T04:00:00Z
MarsicanBear,rogue,149,softcore,"""""",https://youtu.be/8AZ_NxrEwxc,788,2024-09-03T04:00:00Z,2024-09-03T04:00:00Z
SGT,druid,130,softcore,"""""",https://youtu.be/EI98LM6Qu8o,478,2024-09-03T04:00:00Z,2024-09-03T04:00:00Z
SGT,druid,133,softcore,"""""",https://youtu.be/BFEcZw1tC3Y,708,2024-09-03T04:00:00Z,2024-09-03T04:00:00Z
Tipunch,druid,144,softcore,"""""",https://www.youtube.com/watch?v=os-O1kBhC14,808,2024-09-03T04:00:00Z,2024-09-03T04:00:00Z
Zir,rogue,154,softcore,"""""",https://www.youtube.com/watch?v=Ex8x85ba_mA,765,2024-09-04T04:00:00Z,2024-09-04T04:00:00Z
voidseer,sorcerer,155,softcore,https://maxroll.gg/d4/planner/6waze0xb,https://www.youtube.com/watch?v=8a5SG3f2vPM,811,2024-09-03T04:00:00Z,2024-09-03T04:00:00Z
NotWick,barbarian,122,softcore,"""""",https://youtu.be/KmisgH5hAJk?si=9cD7DiT-vKwE0jIB,649,2024-09-04T04:00:00Z,2024-09-04T04:00:00Z
Cranks,rogue,156,softcore,"""""",https://www.youtube.com/watch?v=0SMcmWoJ8NE,893,2024-09-04T04:00:00Z,2024-09-04T04:00:00Z
Zzzz,sorcerer,136,softcore,"""""",https://youtu.be/Y9ImzNr5W74?si=vi9aGkzTTJrNtsau,637,2024-09-04T04:00:00Z,2024-09-04T04:00:00Z
n3m0,sorcerer,152,softcore,https://mobalytics.gg/diablo-4/profile/488e94b2-25a8-4b09-95aa-f74e532482cc/builds/5217ae04-dc1b-4b83-9c85-2a15b335ea41,https://youtu.be/6z28UlhAlek,851,2024-09-04T04:00:00Z,2024-09-04T04:00:00Z
Kiox,sorcerer,156,softcore,"""""",https://youtu.be/kuTdiWOJJYA,884,2024-09-04T04:00:00Z,2024-09-04T04:00:00Z
FP,rogue,147,softcore,"""""",https://www.youtube.com/watch?v=YYPW-8BlFU4,803,2024-09-04T04:00:00Z,2024-09-04T04:00:00Z
Jaxs,sorcerer,151,softcore,https://d4builds.gg/builds/506e5582-e27f-4876-b01b-cf0dababbcda/?var=0,https://youtu.be/zVZWwFFJeGs,843,2024-09-04T04:00:00Z,2024-09-04T04:00:00Z
MarsicanBear,rogue,150,softcore,"""""",https://youtu.be/mjOlcmFEC08,724,2024-09-04T04:00:00Z,2024-09-04T04:00:00Z
swa99y,barbarian,137,softcore,https://d4builds.gg/builds/a431b104-7765-4344-83a7-4681a4e03216/?var=0,https://www.youtube.com/watch?v=yJr1_wV3Oag,899,2024-09-05T04:00:00Z,2024-09-05T04:00:00Z
Storm,sorcerer,135,softcore,"""""",https://youtu.be/w5rO8ePAfYo?si=2V2BkW8FkZt14X-u,888,2024-09-04T04:00:00Z,2024-09-04T04:00:00Z
CountryBoy,sorcerer,138,softcore,"""""",https://www.youtube.com/watch?v=fZqEdIgiSbQ,806,2024-09-01T04:00:00Z,2024-09-01T04:00:00Z
Storm,sorcerer,136,softcore,"""""",https://youtu.be/yq0N2vbSNF4?si=DfeAYgOe2xEw48-7,584,2024-09-05T04:00:00Z,2024-09-05T04:00:00Z
Virgorie,rogue,150,softcore,https://maxroll.gg/d4/planner/yja304gm#4,https://youtu.be/RICgNoDDn44,878,2024-09-04T04:00:00Z,2024-09-04T04:00:00Z
voidseer,sorcerer,156,softcore,https://maxroll.gg/d4/planner/6waze0xb,https://www.youtube.com/watch?v=jCnqPc5Z-0M,757,2024-09-03T04:00:00Z,2024-09-03T04:00:00Z
Zzzz,sorcerer,138,softcore,"""""",https://youtu.be/awfzB3gLV74?si=zTp1ZAH4G5Gdp4QZ,454,2024-09-05T04:00:00Z,2024-09-05T04:00:00Z
Nayutea,sorcerer,150,softcore,"""""",https://www.youtube.com/watch?v=56QCPx1NK1A,850,2024-09-04T04:00:00Z,2024-09-04T04:00:00Z
Darin,sorcerer,150,softcore,https://mobalytics.gg/diablo-4/profile/488e94b2-25a8-4b09-95aa-f74e532482cc/builds/5217ae04-dc1b-4b83-9c85-2a15b335ea41,https://www.youtube.com/watch?v=wVrYq-uxhq8,892,2024-09-03T04:00:00Z,2024-09-03T04:00:00Z
대부형님,necromancer,133,softcore,"""""",https://www.youtube.com/watch?v=wVJKZX9zbVQ,882,2024-09-03T04:00:00Z,2024-09-03T04:00:00Z
Mattick#,druid,126,softcore,"""""",https://www.youtube.com/watch?v=1AmlklgYqwI,836,2024-09-05T04:00:00Z,2024-09-05T04:00:00Z
Zzzz,sorcerer,141,softcore,"""""",https://youtu.be/VH63hNkzLQ0?si=LUNe8Y9jVvTYc2XQ,809,2024-09-05T04:00:00Z,2024-09-05T04:00:00Z
dior,sorcerer,101,softcore,"""""",https://www.youtube.com/watch?v=5ieDf7iOO1A,42,2024-09-05T04:00:00Z,2024-09-05T04:00:00Z
voidseer,sorcerer,157,softcore,https://maxroll.gg/d4/planner/9r9u090n,https://www.youtube.com/watch?v=MU42cz8BJWs,702,2024-09-04T04:00:00Z,2024-09-04T04:00:00Z
Necromancer,necromancer,150,softcore,"""""",https://www.youtube.com/watch?v=22toFbbeEGc&lc=UgzDRAY2KxRxGATKh0B4AaABAg,763,2024-09-03T04:00:00Z,2024-09-03T04:00:00Z
erice,sorcerer,150,softcore,"""""",https://youtu.be/0piCnAgwjAs?si=YiZX0VHE_L7NtKhC,820,2024-09-05T04:00:00Z,2024-09-05T04:00:00Z
voidseer,sorcerer,159,softcore,https://maxroll.gg/d4/planner/9r9u090n,https://www.youtube.com/watch?v=vGzbDRyPlog,899,2024-09-05T04:00:00Z,2024-09-05T04:00:00Z
SKULM,necromancer,153,softcore,https://d4builds.gg/builds/3cf581ba-5a08-4d29-b17a-3154ff23ea14/?var=1,https://youtu.be/IV-Wc1gkihc?si=fmsJaukO-shxZlVs,834,2024-09-04T04:00:00Z,2024-09-04T04:00:00Z
FP,rogue,148,softcore,"""""",https://www.youtube.com/watch?v=7xhNbB8vYxc,871,2024-09-06T04:00:00Z,2024-09-06T04:00:00Z
Storm,sorcerer,137,softcore,"""""",https://youtu.be/RTS-j5BzP2E?si=d_SNPmER9OUtEy8d,739,2024-09-06T04:00:00Z,2024-09-06T04:00:00Z
光头爸爸official,barbarian,140,softcore,https://d4builds.gg/builds/90d634eb-d17c-4f32-9bcc-5680e346d04b/?var=1,https://www.youtube.com/watch?v=JL4cz7M7CJo,857,2024-09-05T04:00:00Z,2024-09-05T04:00:00Z
Hollow,sorcerer,150,softcore,https://mobalytics.gg/diablo-4/profile/488e94b2-25a8-4b09-95aa-f74e532482cc/builds/5217ae04-dc1b-4b83-9c85-2a15b335ea41?coreTab=assigned-skills&equipmentTab=gear-stats&variantTab=0,https://www.youtube.com/watch?v=y6XAg5sxb80,870,2024-09-05T04:00:00Z,2024-09-05T04:00:00Z
Nayutea,sorcerer,151,softcore,"""""",https://www.youtube.com/watch?v=ZGXFRgidx00,832,2024-09-05T04:00:00Z,2024-09-05T04:00:00Z
DraGuNoVxTT,sorcerer,135,softcore,"""""",https://youtu.be/R0tsbbnBhqE,787,2024-09-02T04:00:00Z,2024-09-02T04:00:00Z
voidseer,sorcerer,160,softcore,https://maxroll.gg/d4/planner/u7c8082q,https://www.youtube.com/watch?v=WVfax1WlT3o,890,2024-09-05T04:00:00Z,2024-09-05T04:00:00Z
JayJay,druid,141,softcore,https://mobalytics.gg/diablo-4/profile/7bc53c6d-f248-41cb-be8d-15ac93f8c380/builds/6d880601-0196-482b-a170-da68c8c60bca?utm_campaign=Goblin&utm_source=youtube&utm_medium=influencers,https://youtu.be/a4pLdN7bIdc,663,2024-09-06T04:00:00Z,2024-09-06T04:00:00Z
Slott,rogue,150,softcore,https://maxroll.gg/d4/planner/uvc308dj#4,https://youtu.be/QOBTTFpO7XY,899,2024-09-05T04:00:00Z,2024-09-05T04:00:00Z
Zzzz,sorcerer,142,softcore,"""""",https://youtu.be/1OskI7J3ZMg?si=y7a8E1czNoRfWNC8,478,2024-09-06T04:00:00Z,2024-09-06T04:00:00Z
Sberla,sorcerer,154,softcore,https://mobalytics.gg/diablo-4/profile/488e94b2-25a8-4b09-95aa-f74e532482cc/builds/5217ae04-dc1b-4b83-9c85-2a15b335ea41,https://www.youtube.com/watch?v=tB8jgjwKirs,847,2024-09-06T04:00:00Z,2024-09-06T04:00:00Z
FP,rogue,149,softcore,"""""",https://www.youtube.com/watch?v=knZBe8fQjkg,847,2024-09-06T04:00:00Z,2024-09-06T04:00:00Z
dior,sorcerer,101,softcore,"""""",https://youtu.be/dbHlf-dYcCM,34,2024-09-07T04:00:00Z,2024-09-07T04:00:00Z
萌萌哒-玄鹰,sorcerer,150,softcore,"""""",https://www.bilibili.com/video/BV1MwHRe2E3W/,574,2024-09-06T04:00:00Z,2024-09-06T04:00:00Z
ChrisGrandPa,sorcerer,150,softcore,https://mobalytics.gg/diablo-4/profile/488e94b2-25a8-4b09-95aa-f74e532482cc/builds/5217ae04-dc1b-4b83-9c85-2a15b335ea41,https://www.youtube.com/watch?v=-WvXtcfFSyo,854,2024-09-07T04:00:00Z,2024-09-07T04:00:00Z
SupRémaTie#2937,sorcerer,131,softcore,"""""",https://www.youtube.com/watch?v=4cjBV7gJDU8,745,2024-09-07T04:00:00Z,2024-09-07T04:00:00Z
Nayutea,sorcerer,154,softcore,"""""",https://www.youtube.com/watch?v=yJRymqFyf0g,863,2024-09-07T04:00:00Z,2024-09-07T04:00:00Z
MarsicanBear,rogue,151,softcore,"""""",https://youtu.be/yV4BoBhxptY,831,2024-09-07T04:00:00Z,2024-09-07T04:00:00Z
AngelsBeast,druid,143,softcore,"""""",https://youtu.be/5dzygy-4x6k,713,2024-09-07T04:00:00Z,2024-09-07T04:00:00Z
Muromez,sorcerer,156,softcore,"""""",https://www.youtube.com/watch?v=noGa1tVpFU0,899,2024-09-07T04:00:00Z,2024-09-07T04:00:00Z
voidseer,sorcerer,161,softcore,https://maxroll.gg/d4/planner/mo4ww08a,https://www.youtube.com/watch?v=VlowMI12bx8,846,2024-09-07T04:00:00Z,2024-09-07T04:00:00Z
Sully,sorcerer,150,softcore,"""""",https://youtu.be/hz5bBTt98IA,806,2024-09-07T04:00:00Z,2024-09-07T04:00:00Z
ProPain,sorcerer,153,softcore,"""""",https://www.youtube.com/watch?v=m4NFVgtq6AU,670,2024-09-07T04:00:00Z,2024-09-07T04:00:00Z
萌萌哒-玄鹰,sorcerer,153,softcore,"""""",https://www.bilibili.com/video/BV1xYp8eGEK3/,872,2024-09-07T04:00:00Z,2024-09-07T04:00:00Z
Sagittarian,rogue,147,softcore,"""""",https://youtu.be/BlLNFjDq4Hw,861,2024-09-08T04:00:00Z,2024-09-08T04:00:00Z
Astraea,rogue,140,softcore,"""""",https://youtu.be/9ozHfYJ1TGk,689,2024-09-07T04:00:00Z,2024-09-07T04:00:00Z
ProPain,sorcerer,154,softcore,"""""",https://www.youtube.com/watch?v=vV56d3H-sjQ,829,2024-09-08T04:00:00Z,2024-09-08T04:00:00Z
Suuuultssy,necromancer,153,softcore,"""""",https://www.bilibili.com/video/BV16EpBe9E3w/,877,2024-09-01T04:00:00Z,2024-09-01T04:00:00Z
Suuuultssy,necromancer,154,softcore,"""""",https://www.bilibili.com/video/BV16EpBe9E3w/,895,2024-09-08T04:00:00Z,2024-09-08T04:00:00Z
Billy,sorcerer,152,softcore,https://mobalytics.gg/diablo-4/profile/488e94b2-25a8-4b09-95aa-f74e532482cc/builds/5217ae04-dc1b-4b83-9c85-2a15b335ea41,https://youtu.be/inFVpM3yq40,662,2024-09-07T04:00:00Z,2024-09-07T04:00:00Z
gabriel#1861,sorcerer,150,softcore,https://mobalytics.gg/diablo-4/profile/488e94b2-25a8-4b09-95aa-f74e532482cc/builds/5217ae04-dc1b-4b83-9c85-2a15b335ea41,https://www.youtube.com/watch?v=Ui38V_TR1o0,831,2024-09-08T04:00:00Z,2024-09-08T04:00:00Z
voidseer,sorcerer,162,softcore,https://maxroll.gg/d4/planner/gn79n085,https://www.youtube.com/watch?v=vzotnaFWlP4,853,2024-09-08T04:00:00Z,2024-09-08T04:00:00Z
快感の向こう側,rogue,150,softcore,"""""",https://www.youtube.com/watch?v=y2_0t0-pm30&lc=UgxhWWaqfD6-eEOC5Ch4AaABAg,630,2024-09-08T04:00:00Z,2024-09-08T04:00:00Z
RR1,sorcerer,153,softcore,"""""",https://www.youtube.com/watch?v=qjuKIURuOKs,758,2024-09-09T04:00:00Z,2024-09-09T04:00:00Z
西恩,sorcerer,151,softcore,"""""",https://youtu.be/5ONwY-XCD0w?si=1o6H48o4DxcuJUXV,620,2024-09-09T04:00:00Z,2024-09-09T04:00:00Z
Forestbog,rogue,145,softcore,https://d4builds.gg/builds/99a29675-89c9-4a47-b6d8-956d2a49d7c3/,https://youtu.be/GETVJwa4l48?si=wG8L5mCGoecMyWPJ,898,2024-09-09T04:00:00Z,2024-09-09T04:00:00Z
himotep,barbarian,126,softcore,"""""",https://youtu.be/CtKsrN86AoM?si=heUiDbwc2A-LDwvH,570,2024-09-08T04:00:00Z,2024-09-08T04:00:00Z
cyb3rgam3r420,druid,149,softcore,"""""",https://x.com/cyb3rgam3r420/status/1831925432478003490,899,2024-09-06T04:00:00Z,2024-09-06T04:00:00Z
Forestbog,rogue,146,softcore,https://d4builds.gg/builds/99a29675-89c9-4a47-b6d8-956d2a49d7c3/,https://youtu.be/-Mi-IYN_Ftc?si=LGTf16yfItU6VH8T,897,2024-09-10T04:00:00Z,2024-09-10T04:00:00Z
PetitBAT,rogue,147,softcore,https://maxroll.gg/d4/planner/yja304gm#4,https://youtu.be/l4dXpkMcTeY,839,2024-09-10T04:00:00Z,2024-09-10T04:00:00Z
唯沐千秋,sorcerer,156,softcore,"""""",https://www.bilibili.com/video/BV1nv48e1EWM/,703,2024-09-10T04:00:00Z,2024-09-10T04:00:00Z
鱼某人不想说话,sorcerer,150,softcore,"""""",https://www.bilibili.com/video/BV1rwpnekE9h/,826,2024-09-09T04:00:00Z,2024-09-09T04:00:00Z
ナンセンおじ,rogue,140,softcore,"""""",https://www.youtube.com/watch?v=NfsDNVwmJ18,674,2024-09-10T04:00:00Z,2024-09-10T04:00:00Z
Storm,sorcerer,138,softcore,"""""",https://www.youtube.com/watch?v=eJyQcktVJtE,600,2024-09-10T04:00:00Z,2024-09-10T04:00:00Z
Muromez,sorcerer,157,softcore,https://maxroll.gg/d4/planner/fda7l0st#1,https://www.youtube.com/watch?v=l9UEGn46-7w,899,2024-09-10T04:00:00Z,2024-09-10T04:00:00Z
kaeshin,sorcerer,150,softcore,"""""",https://www.youtube.com/watch?v=34d9yyFrbWE,606,2024-09-10T04:00:00Z,2024-09-10T04:00:00Z
kaeshin,sorcerer,152,softcore,"""""",https://www.youtube.com/watch?v=4Vt23s2VbvM,766,2024-09-10T04:00:00Z,2024-09-10T04:00:00Z
ChrisGrandPa,sorcerer,151,softcore,https://mobalytics.gg/diablo-4/profile/488e94b2-25a8-4b09-95aa-f74e532482cc/builds/5217ae04-dc1b-4b83-9c85-2a15b335ea41,https://www.youtube.com/watch?v=vNraIxjj38Q,898,2024-09-11T04:00:00Z,2024-09-11T04:00:00Z
ElonSauce,rogue,149,softcore,https://mobalytics.gg/diablo-4/profile/8a457cb7-379e-4f35-8f80-f78d28adff6c/builds/590d901d-eacc-4b1b-ad23-3c1b2fd3d9a7?coreTab=assigned-skills&equipmentTab=aspects-and-uniques&variantTab=1,https://youtu.be/q6MOffPZLQk?si=_zlw5zgsktW2lSHK,724,2024-09-10T04:00:00Z,2024-09-10T04:00:00Z
voidseer,sorcerer,163,softcore,https://maxroll.gg/d4/planner/3j9vn0sh,https://www.youtube.com/watch?v=MgcGMXZpqI8,828,2024-09-10T04:00:00Z,2024-09-10T04:00:00Z
Necromancer,necromancer,154,softcore,"""""",https://www.youtube.com/watch?v=9NYpI_P9DsM,868,2024-09-08T04:00:00Z,2024-09-08T04:00:00Z
FP,rogue,150,softcore,"""""",https://youtu.be/ydDx6JzAM2g,878,2024-09-12T04:00:00Z,2024-09-12T04:00:00Z
ProPain,sorcerer,155,softcore,"""""",https://www.youtube.com/watch?v=-AOqpo2BfX0,851,2024-09-11T04:00:00Z,2024-09-11T04:00:00Z
Forestbog,rogue,147,softcore,"""""",https://youtu.be/jU2HWwXLUMI?si=tQnPda6lC2Dy05bz,886,2024-09-12T04:00:00Z,2024-09-12T04:00:00Z
抖抖不要抖,sorcerer,150,softcore,"""""",https://www.bilibili.com/video/BV1Vn4ieJE5P/,874,2024-09-10T04:00:00Z,2024-09-10T04:00:00Z
あらん,sorcerer,151,softcore,"""""",https://www.youtube.com/watch?v=GYX_E43GHVY,810,2024-09-09T04:00:00Z,2024-09-09T04:00:00Z
taicho,rogue,130,softcore,https://d4builds.gg/builds/1b51a0e3-ad0e-4d1a-98f9-7bd49bdc318a/,https://www.youtube.com/watch?v=s4jE4oEwUsc,844,2024-09-09T04:00:00Z,2024-09-09T04:00:00Z
와니,sorcerer,150,softcore,https://diablo4.inven.co.kr/db/paragon/76224,https://www.youtube.com/watch?v=lYpBUYGNp_I,900,2024-09-10T04:00:00Z,2024-09-10T04:00:00Z
Zeiss,necromancer,122,hardcore,"""""",https://youtu.be/qPLRNpaybpo?si=oVwzzDIx5eXB3R4r,803,2024-09-12T04:00:00Z,2024-09-12T04:00:00Z
CraftyXII,rogue,152,softcore,https://maxroll.gg/d4/planner/az4kh0sv,https://www.youtube.com/watch?v=qhnANt5Ehh8,841,2024-09-08T04:00:00Z,2024-09-08T04:00:00Z
PetitBOT,rogue,150,softcore,https://maxroll.gg/d4/planner/r6dac08w,https://youtu.be/RsOpaoVPAdM,697,2024-09-12T04:00:00Z,2024-09-12T04:00:00Z
origami 327,necromancer,152,softcore,https://maxroll.gg/d4/planner/sbcn608e,https://www.youtube.com/watch?v=DzgM6goYrhU,882,2024-09-11T04:00:00Z,2024-09-11T04:00:00Z
AdonisAncestors,sorcerer,149,softcore,"""""",https://www.youtube.com/watch?v=qlE41uct4sk,781,2024-09-12T04:00:00Z,2024-09-12T04:00:00Z
Forestbog,rogue,148,softcore,"""""",https://youtu.be/3zshL3bcUd0?si=AQ-CGIBAI0Yeuau1,888,2024-09-12T04:00:00Z,2024-09-12T04:00:00Z
PSDK,barbarian,144,softcore,"""""",https://youtu.be/oJ_o5m2Zy6A,847,2024-09-13T04:00:00Z,2024-09-13T04:00:00Z
これにて,necromancer,154,softcore,"""""",https://www.youtube.com/watch?v=76Xa4ZowHxA,871,2024-09-13T04:00:00Z,2024-09-13T04:00:00Z
HYPURRDBLNKL,sorcerer,141,softcore,"""""",https://www.youtube.com/watch?v=my3kWUchAAQ,779,2024-09-12T04:00:00Z,2024-09-12T04:00:00Z
Astraea,rogue,141,softcore,"""""",https://www.youtube.com/watch?v=n0lBZXp0yVE,722,2024-09-11T04:00:00Z,2024-09-11T04:00:00Z
itachity,sorcerer,150,softcore,"""""",https://www.youtube.com/watch?v=fOgRCfT_HYc,788,2024-09-12T04:00:00Z,2024-09-12T04:00:00Z
voidseer,sorcerer,164,softcore,https://maxroll.gg/d4/planner/t2eln0sy,https://www.youtube.com/watch?v=cJ8FiaMY9_E,850,2024-09-13T04:00:00Z,2024-09-13T04:00:00Z
西恩,sorcerer,153,softcore,"""""",https://www.youtube.com/watch?v=E2F_Pl_1cOY,848,2024-09-13T04:00:00Z,2024-09-13T04:00:00Z
Mekuna,sorcerer,140,softcore,https://mobalytics.gg/diablo-4/profile/488e94b2-25a8-4b09-95aa-f74e532482cc/builds/54517acb-4eb2-4f9c-96c9-1d3207a0a443?coreTab=assigned-skills&equipmentTab=aspects-and-uniques&variantTab=2,https://www.youtube.com/watch?v=gGESR07YRfU,886,2024-09-12T04:00:00Z,2024-09-12T04:00:00Z
AdonisAncestors,sorcerer,150,softcore,"""""",https://www.youtube.com/watch?v=2W8qyO3Lupc,848,2024-09-13T04:00:00Z,2024-09-13T04:00:00Z
Austin Sims,rogue,150,softcore,"""""",https://www.youtube.com/watch?v=TqI0fGrWD-k,767,2024-09-13T04:00:00Z,2024-09-13T04:00:00Z
Rush,sorcerer,150,softcore,"""""",https://www.youtube.com/watch?v=zqfK2hBFAsw,680,2024-09-12T04:00:00Z,2024-09-12T04:00:00Z
にこる,rogue,151,softcore,"""""",https://www.youtube.com/watch?v=PAyPJgNqJ7s,877,2024-09-12T04:00:00Z,2024-09-12T04:00:00Z
푸들멈머,sorcerer,153,softcore,"""""",https://www.youtube.com/watch?v=HJmpKmg2cNA,699,2024-09-12T04:00:00Z,2024-09-12T04:00:00Z
Sberla,sorcerer,155,softcore,https://mobalytics.gg/diablo-4/profile/488e94b2-25a8-4b09-95aa-f74e532482cc/builds/5217ae04-dc1b-4b83-9c85-2a15b335ea41,https://www.youtube.com/watch?v=I9m_yegsma4,814,2024-09-13T04:00:00Z,2024-09-13T04:00:00Z
Skydro,sorcerer,155,softcore,"""""",https://youtu.be/A7roq0D9lmY?si=joGvrJ6b0ihJWRNZ,792,0024-09-13T04:56:02Z,0024-09-13T04:56:02Z
Andy,barbarian,142,softcore,"""""",https://www.youtube.com/watch?v=6lhYGg-fj9o,866,0024-09-13T04:56:02Z,0024-09-13T04:56:02Z
RHYME,sorcerer,154,softcore,"""""",https://youtu.be/B6twkVjfQUw,879,2024-09-14T04:00:00Z,2024-09-14T04:00:00Z
CraftyXII,rogue,154,softcore,https://maxroll.gg/d4/planner/az4kh0sv,https://www.youtube.com/watch?v=YDwA3WsarQM,829,2024-09-14T04:00:00Z,2024-09-14T04:00:00Z
voidseer,sorcerer,165,softcore,https://maxroll.gg/d4/planner/pdft608o,https://www.youtube.com/watch?v=UlC27stDkaA,813,2024-09-13T04:00:00Z,2024-09-13T04:00:00Z
Skydro,sorcerer,156,softcore,"""""",https://youtu.be/6RfIHj8xkJY?si=f1Eo45FpIB4_xlfF,897,0024-09-14T04:56:02Z,0024-09-14T04:56:02Z
itachity,sorcerer,153,softcore,"""""",https://youtu.be/qxPiYX70r_s,803,2024-09-14T04:00:00Z,2024-09-14T04:00:00Z
ChrisGrandPa,sorcerer,152,softcore,https://mobalytics.gg/diablo-4/profile/488e94b2-25a8-4b09-95aa-f74e532482cc/builds/5217ae04-dc1b-4b83-9c85-2a15b335ea41,https://www.youtube.com/watch?v=zwOmRcjpE_k,882,2024-09-14T04:00:00Z,2024-09-14T04:00:00Z
tjoker19,sorcerer,150,softcore,"""""",https://www.youtube.com/watch?v=B0TLmxQyE2w,880,2024-09-13T04:00:00Z,2024-09-13T04:00:00Z
fr0d0b0ls0n,druid,140,softcore,https://maxroll.gg/d4/planner/ui9ik0c0#6,https://youtu.be/oOAS38KCehA,762,2024-09-14T04:00:00Z,2024-09-14T04:00:00Z
Dinosaurd123,sorcerer,148,hardcore,"""""",https://www.youtube.com/watch?v=6jHR2Tc4svM,802,2024-09-14T04:00:00Z,2024-09-14T04:00:00Z
Yesnylntto,necromancer,150,softcore,"""""",https://www.bilibili.com/video/BV17mtKeVEmf/,851,2024-09-14T04:00:00Z,2024-09-14T04:00:00Z
AngelsBeast,druid,145,softcore,"""""",https://youtu.be/PMr25EDf2qM,756,2024-09-14T04:00:00Z,2024-09-14T04:00:00Z
Sberla,sorcerer,156,softcore,https://mobalytics.gg/diablo-4/profile/488e94b2-25a8-4b09-95aa-f74e532482cc/builds/5217ae04-dc1b-4b83-9c85-2a15b335ea41,https://www.youtube.com/watch?v=FCuFuSnEKhg,889,2024-09-14T04:00:00Z,2024-09-14T04:00:00Z
Valinor,sorcerer,101,softcore,"""""",https://youtu.be/BFOXBNQzX-Q,52,2024-09-14T04:00:00Z,2024-09-14T04:00:00Z
Zzzz,sorcerer,144,softcore,"""""",https://youtu.be/ksMyWKe6UEw?si=yZI0l8vZlpMoO2uc,555,2024-09-15T04:00:00Z,2024-09-15T04:00:00Z
ChrisGrandPa,sorcerer,153,softcore,https://mobalytics.gg/diablo-4/profile/488e94b2-25a8-4b09-95aa-f74e532482cc/builds/5217ae04-dc1b-4b83-9c85-2a15b335ea41,https://www.youtube.com/watch?v=7oaDa6BdprM,857,2024-09-15T04:00:00Z,2024-09-15T04:00:00Z
AngelsBeast,druid,146,softcore,"""""",https://youtu.be/ltMVroBCj1E,798,2024-09-15T04:00:00Z,2024-09-15T04:00:00Z
<DC>호남향우회,sorcerer,101,softcore,"""""",https://www.youtube.com/watch?v=T_SJIArI_IM,35,2024-08-18T04:00:00Z,2024-08-18T04:00:00Z
