name,class,tier,mode,video,build,duration,verified,season_id
Mekuna,sorcerer,140,softcore,https://youtu.be/hoCuvQDaaY0?si=7vzK-E6mbfO-hwFR,Firekuna,772,true,4
DoNotHitMe,barbarian,139,softcore,https://www.youtube.com/watch?v=idXo9yMHm80,Thorns,824,true,4
鳳華,sorcerer,138,softcore,https://www.bilibili.com/video/BV1rx4y1E7GH/,Firebolt,870,true,4
tofumord,barbarian,137,softcore,https://www.youtube.com/watch?v=_ena9ldz6K8&t=1s,Flay Rupture,877,true,4
최만식,sorcerer,136,softcore,https://youtu.be/IhnnSNTdL7Q?si=bInJwi0sCgMrGraP,Immortal Firebolt,877,true,4
배반,barbarian,135,softcore,https://youtu.be/6Dc_MOYvFvs?si=97VcI3HZL7DvLZx-,Bleeding Bash,857,true,4
Pxx,barbarian,135,softcore,https://www.youtube.com/watch?v=PoTtdFsS44I,Bash,888,true,4
ZOD,sorcerer,134,softcore,https://www.youtube.com/watch?v=q1YB2ne3XuI,Fire bolt Shatter,738,true,4
大秦铁甲如云,barbarian,134,softcore,https://www.bilibili.com/video/BV1kmMFeJEk1/?spm_id_from=333.999.0.0&vd_source=60fb61ec196918f62619c58358dd866d,Bash,793,true,4
Morana,rogue,134,softcore,https://www.youtube.com/watch?v=1uwQ-0j8eAE,Heartseeker,794,true,4
담연,rogue,134,softcore,https://youtu.be/gxYwh2l_YPg,Heartseeker,851,true,4
M1PY,rogue,134,softcore,https://youtu.be/32fbkWX7tw4,Heartseeker,860,true,4
在你头上暴扣,barbarian,134,softcore,https://www.bilibili.com/video/BV1jt421K78W/?vd_source=4c0a740f8e54d6dfa94b9018d6bc1035,Bash,881,true,4
考考你丫,rogue,134,softcore,https://b23.tv/nkad3xv,Heartseeker,897,true,4
糊二糊,rogue,133,softcore,https://www.bilibili.com/video/BV1xb421i7MD/?vd_source=d38af86fbdfb5155ea30b4a196f36bf3,Heartseeker,836,true,4
Tzero,barbarian,133,softcore,https://youtu.be/QJJkvL5QtSE,Bash,880,true,4
Rox,sorcerer,132,softcore,https://youtu.be/BuHBgOSzR9A,Immortal Firebolt,754,true,4
봉봉,barbarian,132,softcore,https://youtu.be/ZuKm_GbOMQU,bash,14,true,4
黑巫师,sorcerer,132,softcore,https://www.bilibili.com/video/BV1A7421o7hF/?spm_id_from=333.999.0.0&vd_source=2280387e580eeb2aac9a8caea64555c5,Immortal Firebolt,846,true,4
Melan哥与阿豪,barbarian,131,softcore,https://www.bilibili.com/video/BV1Eb421i7xa/?vd_source=6b635becb511f36feb7f06a61b6b65f7,Bash,740,true,4
BURIM,rogue,131,softcore,https://youtu.be/YbRaUSm8RWM,Heartseeker,756,true,4
Oogieboogie,barbarian,131,hardcore,https://www.twitch.tv/videos/2162164854,Thorns,811,true,4
莎莎和凯撒,sorcerer,131,softcore,https://b23.tv/eHYhMt7,Immortal Firebolt,821,true,4
르네,rogue,131,softcore,https://youtu.be/UteOSKmVBYM,Heartseeker,824,true,4
Lockless,barbarian,131,softcore,https://youtu.be/boIANpEZBfY,Thorns,841,true,4
KingKongor,barbarian,131,softcore,https://youtu.be/C7BIg2Ui5fo?si=Dos_XFxWA9ODvSYY&t=574,Bash,894,true,4
달려라태성,rogue,130,softcore,https://www.youtube.com/watch?v=U7AcD0WWXEg,Heartseeker,734,true,4
箭定菊,rogue,130,softcore,https://www.bilibili.com/video/BV1Qw4m1i7Qx/?spm_id_from=333.999.0.0&vd_source=fee96556e3a592069912cae52252d00d,Heartseeker,748,true,4
波提欧,rogue,130,softcore,https://www.youtube.com/watch?v=3CazSRUxq04,Heartseeker,801,true,4
陳一豪,rogue,130,softcore,https://www.bilibili.com/video/BV1sn4y1o7LS,Pen shot,820,true,4
게이머비누,barbarian,130,softcore,https://youtu.be/lJWUZDKVpxQ,Bash,822,true,4
JustinZ,barbarian,130,softcore,https://www.bilibili.com/video/BV19s421g79N/,Bash,870,true,4
黎曼鲁斯,barbarian,130,softcore,https://www.bilibili.com/video/BV1ZWMPeHEJi/?spm_id_from=333.999.0.0&vd_source=a109873594fc2d4e6f3a35c9122a836f,Bash,873,true,4
Exo,barbarian,130,softcore,https://www.youtube.com/watch?v=GLljmR_Ano4,Bash,885,true,4
HielUFF,barbarian,130,softcore,https://youtu.be/2zameHAZvVY,Thorns,889,true,4
JustinZ,barbarian,129,softcore,https://www.bilibili.com/video/BV14s421g76X/,bash,754,true,4
Blood,rogue,129,softcore,https://discord.com/channels/648221813251375134/1237068179793248367/1246975281659641856,Heartseeker,801,true,4
吃龙虾不剥壳,barbarian,129,softcore,https://www.bilibili.com/video/BV1n1421y7bR,Bash,808,true,4
Faifa,barbarian,129,softcore,https://youtu.be/1PWOZ1ZnYTs,Bash,824,true,4
요로롱,rogue,129,softcore,https://youtu.be/9N0yak5hY6A,Heartseeker,839,true,4
奸臣已经自己跳出来了,rogue,129,softcore,https://www.bilibili.com/video/BV1at421T7jk/?share_source=copy_web&vd_source=c09563c48b6b928d34666e50832269f9,Heartseeker,846,true,4
무도사,rogue,129,softcore,https://youtu.be/xzBN99DqGkE,Heartseeker,860,true,4
Arcuray,barbarian,129,softcore,https://www.youtube.com/watch?v=snBBb8Zsis4,Thorns,884,true,4
석쓰,barbarian,129,softcore,https://youtu.be/x9bPMELdxFA,Bash,885,true,4
Coco,rogue,128,softcore,https://youtu.be/8Ia-_MC6dz4,Heartseeker,755,true,4
纪行,barbarian,128,softcore,https://www.bilibili.com/video/BV1Hi421m7R9,Bash,812,true,4
칼찌콕쓱싹쑉뾰뵤뵥샤샤샥,rogue,128,softcore,https://youtu.be/49UyRpoMWos?si=3MrXluJDN8PLV1co,Heartseeker,841,true,4
Leoonidas38,barbarian,128,softcore,https://youtu.be/OeUCA1eeUlM?si=sCHJLJC19kTS-vLx,Bash DW,858,true,4
Ronarray,barbarian,128,softcore,https://youtu.be/KlV-qDr-zlo,Duall Bash,890,true,4
APEX,barbarian,128,softcore,https://www.youtube.com/watch?v=v4dS84nV0P4,Bash,890,true,4
抖音暗黑泡泡,sorcerer,128,softcore,https://www.bilibili.com/video/BV1Ms42137kf/?spm_id_from=333.337.search-card.all.click,FireBolt God - Shatter,890,true,4
ROD,barbarian,128,softcore,https://youtu.be/e6cjOKlNxY4?si=B_9J9-FNm8SV4Ndh,Bash,894,true,4
friday,rogue,127,softcore,https://www.youtube.com/watch?v=L9uV1DqPPJA,Heartseeker,744,true,4
DatModz,barbarian,127,hardcore,https://www.twitch.tv/videos/2162256464,Thorns,755,true,4
너즐,necromancer,127,softcore,https://www.youtube.com/watch?v=t0j8tOBqAB8,Golem,777,true,4
Ground,necromancer,127,softcore,https://www.youtube.com/watch?v=rhkGlK5QPHA,Golem,838,true,4
삼다수,necromancer,127,softcore,https://www.youtube.com/watch?v=LfhiA2Z6GbU,Shadow Mages,851,true,4
Beatdropper,barbarian,127,softcore,https://youtu.be/Su6m06uE4sg,Bash Dual Wield,890,true,4
ele,necromancer,127,softcore,https://www.youtube.com/watch?v=wcduBe3zvzQ,Shadow Mages,898,true,4
깡돚거,rogue,126,softcore,https://www.youtube.com/watch?v=jh0JSB8DQkI,Heartseeker,724,true,4
HAM,barbarian,126,softcore,https://www.bilibili.com/video/BV1SZ421H7a1/?vd_source=08ba201785a6448b6962388d6555bf31,Bash,735,true,4
Symfony,rogue,126,softcore,https://www.youtube.com/watch?v=FXqfON45W5c,Heartseeker,741,true,4
TTVjustmini,rogue,126,softcore,https://youtu.be/YptvsvGBsAk?si=WmQPXc4dE-P0agLJ,Heartseeker,767,true,4
JuneSyew,rogue,126,softcore,https://www.bilibili.com/video/BV1Wr421A7C8/?vd_source=67d8e1d6bdab81ba814f6325334940e4,Heartseeker,770,true,4
想吃小孩,barbarian,126,softcore,https://www.bilibili.com/video/BV1uy411b7eh,Bash,775,true,4
Feanaro,necromancer,126,softcore,https://youtu.be/YaTwLqDrFwc,Golem,776,true,4
淡墨残梦,barbarian,126,softcore,https://www.bilibili.com/video/BV1ib421v73F/,Bash,800,true,4
Dawg33,barbarian,126,softcore,https://youtu.be/tJkSJtyUY2g,Bash,805,true,4
goyo,rogue,126,softcore,https://youtu.be/ZCRp955gJUM,Heartseeker,815,true,4
쿠스틱,rogue,126,softcore,https://youtu.be/d9O5hKNXNF4?si=n2XiIurDnwy149Kw,heartseeker,864,true,4
고현둥,barbarian,126,softcore,https://www.youtube.com/watch?v=gPef2_fljuA,Bash,865,true,4
BURIM,necromancer,126,softcore,https://youtu.be/c-TNNfgIV60,Golem,874,true,4
Hanna,rogue,125,softcore,https://youtu.be/C4jvU05byN0?si=2Fqca_eB35ikgoro,Heartseeker,689,true,4
Mlgevsky,rogue,125,softcore,https://youtu.be/j4rEGkeK0Ko,Heartseeker,742,true,4
Shooting,rogue,125,softcore,https://youtu.be/Y_iqqaDvcQc,Heartseeker,745,true,4
Devilish,rogue,125,softcore,https://youtu.be/dlA1U1X8HxQ,Heartseeker,790,true,4
如果不是七,rogue,125,softcore,https://www.bilibili.com/video/BV1pT421q7rM,Rapid Fire,807,true,4
Gansilaoshui,rogue,125,softcore,https://www.youtube.com/watch?v=_-nJzC19mVE&ab_channel=IvanWang,Heartseeker,14,true,4
VybzJay,necromancer,125,softcore,https://www.youtube.com/watch?v=tI-jUpojeLU,Shadow Mages,869,true,4
지베이터스,necromancer,125,softcore,https://youtu.be/CAZZMWZcX-0,Golem,880,true,4
Crono,rogue,125,softcore,https://youtu.be/Yo2ENOut7SE?si=oPwubdiyjosFsxwD,Heartseeker,887,true,4
Corpse,necromancer,125,softcore,https://www.youtube.com/watch?v=ctsUKevOkPA,Golem,888,true,4
Dragon,rogue,125,softcore,https://rb.gy/5s77oa,HeartSeeker,899,true,4
Slott,rogue,124,softcore,https://www.youtube.com/watch?v=VFxC6S513gQ,Heartseeker,12,true,4
LC,rogue,124,softcore,https://www.youtube.com/watch?v=vxsetxYp5j0,Heartseeker,723,true,4
Behike,rogue,124,softcore,https://www.youtube.com/watch?v=_PMxKf6dRE4,Heartseeker,790,true,4
Tekniqs,rogue,124,softcore,https://www.youtube.com/watch?v=X_Dm09DKYVA&feature=youtu.be,Heartseeker,800,true,4
Cheezitz,necromancer,124,softcore,https://www.youtube.com/watch?v=6pTnJI_w-CU,Golem,822,true,4
Roy,rogue,124,softcore,https://youtu.be/2lFTKAAOnv4?si=rWRRrxoXhG1J9UiY,Heartseeker,865,true,4
Daisy,rogue,123,softcore,https://youtu.be/YN1BxL5Piqg,Heartseeker,552,true,4
Raff,sorcerer,123,softcore,https://youtu.be/JnJopKD-ZlU,Immortal Firebolt,646,true,4
火箭兔,rogue,123,softcore,https://www.bilibili.com/video/BV1hM4m1U7eT/?spm_id_from=333.999.0.0&vd_source=e5a8530b8ee798fe762d24c3c0fcd0f0,Heartseeker,663,true,4
凉生,rogue,123,softcore,https://www.bilibili.com/video/BV1Py411Y7QY/?vd_source=58235a84d4218074b458024e49d5b7d8,Heartseeker,714,true,4
하마입크다,rogue,123,softcore,https://youtu.be/HmaJ86bp7V4?si=KUMN1S7hC0H4RLcp,Heartseeker,719,true,4
啼款雞,barbarian,123,softcore,https://www.youtube.com/watch?v=34elIxbW05o,Bash,736,true,4
Zeinia,rogue,123,softcore,https://youtu.be/4s2C0uISiM4,Rapid Fire,839,true,4
Doom,rogue,123,softcore,https://www.youtube.com/watch?v=ZFMMEYp6TAI&ab_channel=Doomzx,Heartseeker,856,true,4
Mydas,rogue,123,softcore,https://www.youtube.com/watch?v=73RdUwytBOs,Heartseeker,857,true,4
Spex,barbarian,123,softcore,https://www.bilibili.com/video/BV17M4m1k7xk/?spm_id_from=333.1365.list.card_archive.click&vd_source=5587d777a2a05fdee47b175cf100236a,Bash HotA,866,true,4
雅典娜,sorcerer,123,softcore,https://b23.tv/FyMwfX7,Firebolt,866,true,4
Ooe,barbarian,123,softcore,https://youtu.be/aVfZyjZvEb4,Thorns,874,true,4
宇宙猎一键宏,barbarian,123,softcore,https://www.bilibili.com/video/BV1Ay411Y7zN/,Gushing Wound Double Swing,876,true,4
Xiaox,barbarian,123,softcore,https://www.youtube.com/watch?v=47GCtLFCg_E,Hota Bash,888,true,4
小红人,barbarian,122,softcore,https://www.bilibili.com/video/BV1hi421S73M/?vd_source=b271a482bbceebab6e049d7642111cf9,Hook Smash,634,true,4
강파,rogue,122,softcore,https://youtu.be/mqR3AxKlJN4?si=qpDpa9H33Y-JTDU2,Heartseeker,688,true,4
新奇骰子匠人,rogue,122,softcore,https://b23.tv/k0grjPz,Heartseeker,744,true,4
곽끝순,necromancer,122,softcore,https://youtu.be/e30L9c_ZIqM,Golem,755,true,4
Silie,necromancer,122,softcore,https://youtu.be/7OK5J6jBnic,Shadow Minion,775,true,4
Gbat,necromancer,122,softcore,https://youtu.be/7OK5J6jBnic,Golem,775,true,4
패기쩌냉,barbarian,122,softcore,https://www.youtube.com/watch?v=T5Wj5ZdFdpww,Bash,810,true,4
巴巴鴨肉,rogue,122,softcore,https://youtu.be/Sue_H9bfX_g?si=t-xd8xuEs_PPulf4,Rapid Fire,832,true,4
GENTLEMAN,barbarian,122,softcore,https://youtu.be/icuSUhzpcng,Bash,878,true,4
iPATRIK,barbarian,122,softcore,https://www.twitch.tv/videos/2153908530,Bash,888,true,4
천뢰마검,barbarian,121,softcore,https://www.youtube.com/watch?v=dh8OPlNZcOI,Bash,612,true,4
Rumpel,barbarian,121,softcore,https://www.youtube.com/watch?v=1JJGxj3GT5g,Thorns,663,true,4
私盐mo,necromancer,121,softcore,https://www.bilibili.com/video/BV1LZ421W7KE/?vd_source=7af571a2718cb3415ff929dbc273902d#reply1155081881,Shadow Mages,725,true,4
Arwen,rogue,121,softcore,https://youtu.be/mjUDF5_CQyE,Heartseeker,728,true,4
핑크쿠마,rogue,121,softcore,https://youtu.be/tzgwMhj312I,Heartseeker,736,true,4
巴巴鴨肉,rogue,121,softcore,https://youtu.be/r2qIHCLk4vo,Rapid Fire,752,true,4
DalanLRR,rogue,121,softcore,https://youtu.be/KS-5JAYIdb0,Heartseeker,793,true,4
SimonGame,sorcerer,121,softcore,https://youtu.be/WRbMU8i84sU,Immortal Firebolt,814,true,4
Cereal,rogue,121,softcore,https://youtu.be/dpKVgvXFEzQ?si=FEH3tVv0IysX2oLv,Heartseeker,833,true,4
Saybrock,rogue,121,softcore,https://youtu.be/udROvncpu8Q,Heartseeker,838,true,4
IFEELSOBORED,rogue,121,softcore,https://www.youtube.com/watch?v=SbJmagbkYh8,Heartseeker,839,true,4
Sato,rogue,121,softcore,https://www.twitch.tv/videos/2155615255,Heartseeker,14,true,4
蓝萌,druid,121,softcore,https://www.bilibili.com/video/BV1xb421i7Mw/?vd_source=d5842dc3a3484c5ff0b8de44400985a5,Wind Daddy,841,true,4
Vitamin Dave,rogue,121,softcore,https://www.youtube.com/watch?v=ZCSmFzUYVOI,Heartseeker,847,true,4
Zmart,rogue,121,softcore,https://www.youtube.com/watch?v=i7kb41g60OE,Heartseeker,864,true,4
UltimateBro,rogue,121,softcore,https://youtu.be/fPPvraN8Jr8,Rapid Fire,865,true,4
Crystals,necromancer,121,softcore,https://www.youtube.com/watch?v=nIGOc-XLKJ0,Shadow Golem,885,true,4
뾰촉시즌사,necromancer,121,softcore,https://youtu.be/kXgGnZWqoUM?si=re8eU__VtpsNAoLQ,Golem,896,true,4
Kuchkata,rogue,121,softcore,https://www.youtube.com/watch?v=hDxtTtinmWI,Heartseeker,898,true,4
B站咸鱼小罗,barbarian,120,softcore,https://www.bilibili.com/video/BV1Wr421w7u3,Axe/Mace Bash,318,true,4
恰克烙風,barbarian,120,softcore,https://www.youtube.com/watch?v=BfsMJxx3eFk,Bash,532,true,4
EfficientRogue,rogue,120,softcore,https://www.youtube.com/watch?v=fhN8gTWlU4s,Heartseeker,534,true,4
고통받는 메피스토,necromancer,120,softcore,https://youtu.be/HabXp43LQ74,Golem,11,true,4
RHAZAGAL,barbarian,120,softcore,https://youtu.be/28FfjOwzQjs?si=ABFUs5h_BH4wIoPJ,Thorns,718,true,4
Maneater,necromancer,120,softcore,https://www.youtube.com/watch?v=KNa6qkDbsDs,Shadow Mages,724,true,4
shinmoon,necromancer,120,softcore,https://www.twitch.tv/videos/2155533311,Shadow Mages,762,true,4
IBoilerUp,druid,120,softcore,https://youtu.be/y3CHdAV4IME?si=j9-r5iyX4HUdwmbd,Wind Shear,769,true,4
我的天太壯,barbarian,120,softcore,https://www.youtube.com/watch?v=aYAZvlXt7mA,Bash,790,true,4
ckhoho,barbarian,120,softcore,https://youtu.be/LRHysuvJuV0,Bash,791,true,4
tofumord,necromancer,120,softcore,https://www.youtube.com/watch?v=vt5yLqt4rX8,Bone Spirit,799,true,4
절미찡,necromancer,120,softcore,https://youtu.be/6KMS6LemCpE?si=NepAi1FSk2Y8nIMz,Shadow Mages,801,true,4
MARK,barbarian,120,softcore,https://www.bilibili.com/video/BV11U411d7E8/?spm_id_from=333.999.0.0&vd_source=1f1aaf36b59248da50df4fe089c6fa48,Bash,804,true,4
Spouepa,barbarian,120,softcore,https://www.youtube.com/watch?v=C0qgGDVyOKU,Bash bleed,808,true,4
箭箭加倍,rogue,120,softcore,https://www.bilibili.com/video/BV1Kz421Y7zG/?vd_source=7cea4cddc589888ba3d3c34e834b887c,Heartseeker,810,true,4
Cruniac,necromancer,120,softcore,https://www.youtube.com/watch?v=TS-WkshNMg4,Shadow Golem,820,true,4
Vaynus,rogue,120,softcore,https://www.youtube.com/watch?v=p4nqidemD9E,Heartseeker,827,true,4
Varane,barbarian,120,softcore,https://youtu.be/7NAjbUFDRSc,Bash,828,true,4
GetLost,sorcerer,120,softcore,https://youtu.be/KzomQM4aWKg,Immortal Firebolt,846,true,4
Bud,rogue,120,softcore,https://www.youtube.com/watch?v=Q_LCgKGOF9s,Rapid Fire,847,true,4
Arghrogue,rogue,120,softcore,https://www.youtube.com/watch?v=UtPbYvQbkGo,Heartseeker,860,true,4
Kajean,necromancer,120,softcore,https://www.youtube.com/watch?v=ZsD7j-Zz7LA,Shadow Golem,864,true,4
Krondor,sorcerer,120,softcore,https://youtu.be/9UZgsQN-804,Immortal Firebolt,871,true,4
TheSixWings,necromancer,120,softcore,https://www.bilibili.com/video/BV11T421v75S/?share_source=copy_web&vd_source=f9631e75fa95d594a81fc00d53499d31&t=2,Shadow Mages,878,true,4
일자리좀주세요,barbarian,120,softcore,https://youtu.be/E-zuWy4lAq0,Bash Dualwield,880,true,4
Hephaestus,barbarian,120,softcore,https://www.bilibili.com/video/BV1wU411o7jK,Bash,887,true,4
itembus,sorcerer,119,softcore,https://youtu.be/yWN9SLi67LA,Shatter,636,true,4
Sleepyfox,rogue,119,softcore,https://youtu.be/6aWPQqg5d_8,Heartseeker,679,true,4
Melan哥,rogue,119,softcore,https://www.youtube.com/watch?v=Glg6SQBDVYQ,Rapid Fire,709,true,4
霜叶,druid,119,softcore,https://www.bilibili.com/video/BV1Gr421A7VG/?spm_id_from=333.337.search-card.all.click&vd_source=d80f11e5d10692263230d76301804c91,Wind Shear,750,true,4
Liggles,rogue,119,softcore,https://www.youtube.com/watch?v=-qIysyMIjNY,Heartseeker,766,true,4
깜쏭싸일러,barbarian,119,softcore,https://youtu.be/Mt9l7v9TDsc?si=mJ3hefCPVGfq2Ngjj,Bash,772,true,4
peace,sorcerer,119,softcore,https://youtu.be/_tTSneA05tQ?si=3wpQyyBT04eu0fVV,Immortal Firebolt,775,true,4
Laomane,barbarian,119,hardcore,https://streamable.com/u5l6p0,Bash,782,true,4
FOLKE,rogue,119,softcore,https://youtu.be/KOjSnGDF-iM,Heartseeker,799,true,4
Mental,rogue,119,softcore,https://www.youtube.com/watch?v=o6hw2Xs6Aew,Heartseeker,857,true,4
Lunatalli,barbarian,119,softcore,https://youtu.be/V8bTF7XIj_c,Flay,866,true,4
Harakiri,barbarian,119,softcore,https://youtu.be/LAyRgmiYaHE,Bash,880,true,4
Malo,sorcerer,119,softcore,https://youtu.be/BqXvP9d6ImU,Immortal Flameweaver,881,true,4
Rofldots,necromancer,119,softcore,https://youtu.be/eNemzSMKiZA,Ebonpiercer,882,true,4
Henip,rogue,119,softcore,https://www.twitch.tv/videos/2154783052,Heartseeker,890,true,4
川渝暴龙,barbarian,119,softcore,https://www.bilibili.com/video/BV1Bw4m1U7Uv/,Bash,896,true,4
Cyrel,rogue,118,softcore,https://www.youtube.com/watch?v=e7QfbENMzDY,Heartseeker,566,true,4
Alpha,rogue,118,softcore,https://www.youtube.com/watch?v=0w8aYn8Ehtg&t=1s,Heartseeker,618,true,4
Palavrinha,rogue,118,softcore,https://youtu.be/GoqD2-_t76Q,Heartseeker,727,true,4
Socks,barbarian,118,softcore,https://youtu.be/2-jr6RXib5M,Bash,768,true,4
Tyberius,barbarian,118,softcore,https://www.youtube.com/watch?v=MkJz0XG3ono,Bash,778,true,4
Roboclam,sorcerer,118,softcore,https://youtu.be/UGHlITK0MQM,Immortal Firebolt,837,true,4
Nemo,necromancer,117,softcore,https://youtu.be/TwwJuORxcAA,Shadow Golem,513,true,4
Inkant,rogue,117,softcore,https://www.youtube.com/watch?v=89nO7x5GRyc,Heartseeker,523,true,4
Siris,rogue,117,softcore,https://youtu.be/YpgA-OHjZrM,Heartseeker,569,true,4
Cliptis,barbarian,117,softcore,https://youtu.be/A95NJ6RX4To,Bash,635,true,4
wudijo,rogue,117,hardcore,https://youtu.be/6LLNSNKxquY?t=3569,Heartseeker,658,true,4
LennyTommy,rogue,117,softcore,https://www.youtube.com/watch?v=DUqSsFHks6Q&ab_channel=MarekOrollin,Heartseeker,678,true,4
Morfyus,rogue,117,softcore,https://youtu.be/QH2qH9Nd7uQ,Heartseeker,737,true,4
Eduardo,rogue,117,softcore,https://youtu.be/huZnAlbyZKA?si=NfTjrdyWn-pkAMHS,Heartseeker,740,true,4
光头暴击,rogue,117,softcore,https://youtu.be/77hIbiQEwWw,Heartseeker,750,true,4
Ryoimback,necromancer,117,softcore,https://youtu.be/8NO2Wm2LkJQ,Golem,773,true,4
Djoula,druid,117,softcore,https://youtu.be/c_AftdtMzZ4,Tornado,776,true,4
Sylar33,barbarian,117,softcore,https://www.youtube.com/watch?v=qkaS5GwZ6Hs,Bash Barb,789,true,4
Baardbarian,barbarian,117,softcore,https://www.youtube.com/watch?v=8C4KyIihuOw,Bash,811,true,4
FortoneUbers,barbarian,117,softcore,https://www.youtube.com/watch?v=TqzO2UAuEeU,Bash,817,true,4
Nami,necromancer,117,softcore,https://www.youtube.com/watch?v=LhYrskCcbbE,Golem,829,true,4
Mozzafather,rogue,117,softcore,https://youtu.be/uqLkw2QGass,rapid shot,833,true,4
spicorr,druid,117,softcore,https://youtu.be/RR8Zs0dYmh8,Wind Daddy,835,true,4
Beerus,barbarian,117,softcore,https://www.youtube.com/watch?v=i45oXidm4MA,Bleed Bash,872,true,4
Hannipede,barbarian,117,softcore,https://www.youtube.com/watch?v=UMwdwwgF6ZE,Bash,882,true,4
matheus_been,druid,117,softcore,https://www.youtube.com/watch?v=9Qcex3hynT8,Wind Daddy,883,true,4
Honeybadger,barbarian,117,softcore,https://youtu.be/ZqhOd-82Cd0?si=Lg4A0Veuz6aEqJzd,Bleed Bash,899,true,4
Dalkan,rogue,116,softcore,https://www.twitch.tv/videos/2161903550,Heartseeker,622,true,4
Wiesi,rogue,116,softcore,https://www.youtube.com/watch?v=XLVx1KaHImw&ab_channel=WipeItOut,Rapid Fire,677,true,4
Ruse Cruise,necromancer,116,softcore,https://youtu.be/eq_jRYGqMZw?t=77,Mages,715,true,4
MeSoThorny,barbarian,116,softcore,https://youtu.be/5E7LDAYVq-Y,Thorns,773,true,4
Lucky Luciano,rogue,116,softcore,https://youtu.be/yEppD-bDJP0?si=EdkvcuTDdUmkValk,Rapid Fire,790,true,4
XP,necromancer,116,softcore,https://youtu.be/x2rq4sQ21N8?si=6tBL13xLC1kqxrsy,Shadow Mages,801,true,4
AnhLaVN,druid,116,softcore,https://www.youtube.com/watch?v=k97m2owqxl4,Tornado,846,true,4
JaDm,barbarian,116,softcore,https://youtu.be/wuK0vWACCAw,Bash,847,true,4
lasten,druid,116,softcore,https://www.youtube.com/watch?v=YuMzh6NhpWo,Tornado,863,true,4
AceofSpades,druid,116,softcore,https://youtu.be/wDwHrlDlP9k?feature=shared,Wind Daddy,873,true,4
nuqz,rogue,116,softcore,https://www.youtube.com/watch?v=8jFwhHvj5k4,Rapid Fire,878,true,4
Sherman,druid,116,softcore,https://www.youtube.com/watch?v=TjoRM2wp_D0,Tornado,888,true,4
SandMan,necromancer,116,softcore,https://youtu.be/qnZPzmLiEMc,Shadow Golem,898,true,4
릴릭,necromancer,115,softcore,https://www.youtube.com/watch?v=xCPXXSOkt4Y,Golem,502,true,4
Jeska,rogue,115,softcore,https://www.youtube.com/watch?v=64iGQygezvM,Heartseeker,554,true,4
Xarrio,rogue,115,softcore,https://youtu.be/HXDvL3DUVJU,Andariel's Flurry,560,true,4
Vantablack,rogue,115,softcore,https://www.youtube.com/watch?v=QhwK4PAJYZ0,Heartseeker,572,true,4
Bungthon,necromancer,115,softcore,https://www.youtube.com/watch?v=3YaSkBd4RBY,Shadow Mages,579,true,4
UggUgg,rogue,115,softcore,https://www.youtube.com/watch?v=I9Nch7ZnPT8,Heartseeker,617,true,4
Mio,rogue,115,softcore,https://www.youtube.com/watch?v=cGRpsWfLrCs,Heartseeker,646,true,4
ZloyRoy,necromancer,115,softcore,https://youtu.be/GJ2QqYPZmSw,Golem,759,true,4
destroza,rogue,115,softcore,https://www.youtube.com/watch?v=GFi8NhB_bf0,Heartseeker,776,true,4
Rise,rogue,115,softcore,https://www.youtube.com/watch?v=8xTkLTmUiWk,Heartseeker,790,true,4
Danger,druid,115,softcore,https://youtu.be/GQrE1kZA8MU?si=sUaLatDqwvmnIUDR,Hurricane,798,true,4
라이즈,necromancer,115,softcore,https://youtu.be/aAS0L6OULi4,Storm Golem,800,true,4
Ivo,sorcerer,115,softcore,https://www.youtube.com/watch?v=xKD8F1CExvg,Immortal Frozen Orb,809,true,4
Southernfruitsalad,barbarian,115,softcore,https://www.twitch.tv/videos/2155424690,Bash Bleed,810,true,4
lemon,druid,115,softcore,https://www.youtube.com/watch?v=qg4AnNdKOBc,Hurricane,843,true,4
BruddahPlz,barbarian,115,softcore,https://youtu.be/Yo_lwgw9yaM?si=kVdpppQF2tYKGQMO,Thorns,856,true,4
Zaramos,sorcerer,115,softcore,https://youtu.be/VD2-TuhPl8U,Blizzard,876,true,4
Dron1x,druid,115,softcore,https://www.youtube.com/watch?v=jKbuOZpdDsc&t=773s,Tornado,878,true,4
Mattias,rogue,115,softcore,https://youtu.be/9oouGa_0BMc,Rapid Fire,883,true,4
加鲁鲁,sorcerer,115,softcore,https://www.bilibili.com/video/BV1Zz421a7uj/?vd_source=72ea8fecc35d3c0308ae5edd56fbdd19,Immortal Firebolt,890,true,4
じぇろ,rogue,114,softcore,https://www.youtube.com/watch?v=C4oyjbMwNWQ,Heartseeker,659,true,4
Lowlander,barbarian,114,softcore,https://youtu.be/vo9h7zP6kBQ?si=CoutDfKvkW3m17gH,Bash,680,true,4
Vysca,rogue,114,softcore,https://youtu.be/rQQmgZEkPE0,Heartseeker,706,true,4
Slushys,barbarian,114,hardcore,https://youtu.be/Swk9fzPaTA8?si=rkNulFk4pnOPH-Ux,Thorns,706,true,4
Elthario,druid,114,softcore,https://youtu.be/i0dAsZIuGv8?si=UJ4oJE9Al4aFAVWK,Wind Shear,779,true,4
GarnettSq,druid,114,hardcore,https://www.youtube.com/watch?v=xUb2iZl-FBI&ab_channel=ViktorFilippov\,Wind Shear,845,true,4
RogueOne,rogue,114,softcore,https://www.youtube.com/watch?v=bLiMuUUyz7Q,Heartseeker,858,true,4
toLLL,sorcerer,114,softcore,https://www.youtube.com/watch?v=t-0RRISFdwo,Immortal Frozen Orb,870,true,4
wept,barbarian,114,hardcore,https://www.twitch.tv/videos/2162250775,Bash,870,true,4
Aslav,barbarian,114,softcore,https://youtu.be/-Cxy5-2G-tE,Bleed Bash,872,true,4
Virsta,druid,114,softcore,https://www.youtube.com/watch?v=3iqtOYmiN2AA,Wind Shear,882,true,4
서울원소,sorcerer,114,softcore,https://www.youtube.com/watch?v=qB9OujtTBvI&t=2s,FireKuna,899,true,4
Luna,sorcerer,113,softcore,https://www.youtube.com/watch?v=eSD1GGr9Acg,Flameweaver Firebolt,628,true,4
Tipunch,barbarian,113,softcore,https://youtu.be/o2nMtwjD6bk,Bash,644,true,4
Zelda,rogue,113,softcore,https://youtu.be/WuLZEhCuOUQ,Heartseeker,704,true,4
gnarly,barbarian,113,softcore,https://youtu.be/qHzkVCNqRQg?si=auTV0Oy2OsX6F9R_,Bash,754,true,4
wudijo,druid,113,hardcore,https://youtu.be/jREhomKv4a0?t=35980,Wind Shear,759,true,4
SSFWHEN,necromancer,113,softcore,https://www.youtube.com/watch?v=PlC8dj4xUbI,Shadow Mages,765,true,4
Cez,rogue,113,softcore,https://www.youtube.com/watch?v=gkWRUYAtcVU,Heartseeker,795,true,4
EnoxTv,barbarian,113,softcore,https://youtu.be/Di57RC_b7GE,Bash,803,true,4
Nevermind,druid,113,softcore,https://www.youtube.com/watch?v=qGZ3qiaPkRs&feature=youtu.be,Wind Shear,845,true,4
beepboop,necromancer,112,softcore,https://www.youtube.com/watch?v=253wjjZkKdY&ab_channel=DTT,Golem,511,true,4
XenoZero,barbarian,112,softcore,https://youtu.be/0Ml_D7Lf-_0,Bash,549,true,4
CHRISTOS,barbarian,112,softcore,https://www.youtube.com/watch?v=QrqpcI5qDFs,Bash,563,true,4
最后一个,rogue,112,hardcore,https://www.bilibili.com/video/BV17r421c7LS/?vd_source=f3592edd727b322cc9647d51e7363946,Heartseeker,581,true,4
이날것,barbarian,112,softcore,https://www.youtube.com/watch?v=Jt70m3H3OZw,Bleed Bash,670,true,4
Dave,druid,112,softcore,https://www.youtube.com/watch?v=p5KIrAwgz9M,Wind Daddy,670,true,4
Gul,rogue,112,softcore,https://youtu.be/0_0Tam52vu4?si=j6ngmrpMx6MBpuWk,Heartseeker,740,true,4
御命十三,sorcerer,112,softcore,https://www.bilibili.com/video/BV13UT4e6E4X/,Firebolt,754,true,4
Pyea,sorcerer,112,softcore,https://www.youtube.com/watch?v=_9rjrJr24TY,Immortal Firebolt,759,true,4
Eris,barbarian,112,softcore,https://www.youtube.com/watch?v=pU6w2t8XsrA,Bash,776,true,4
Blatty,sorcerer,112,softcore,https://www.youtube.com/watch?v=6TWrMuUBex0,Immortal Frozen Orb,828,true,4
Chronikz,necromancer,112,hardcore,https://www.twitch.tv/videos/2162251516,Winions,851,true,4
Razortail,sorcerer,112,softcore,https://youtu.be/Kzjrcc3molY,Immortal Frozen Orb,869,true,4
sinitarpku,necromancer,112,hardcore,https://youtu.be/Vgd6W8wXVk8,Warrior Thorn,869,true,4
Erice,sorcerer,112,softcore,https://youtu.be/qvV3PuXYvxg,Immortal Frozen Orb,874,true,4
阿波罗第四赛季,sorcerer,112,softcore,https://www.bilibili.com/video/BV1Hn4y1R7fi/?spm_id_from=333.999.0.0&vd_source=4615ae270e4224d00c2399c0d2e001f3,Immortal Firebolt,890,true,4
PlasticJuice,rogue,111,softcore,https://youtu.be/FwsEnWLgK-4?si=aV2mXCkRkDIS2WMz,Heartseeker,631,true,4
里水,rogue,111,softcore,https://www.bilibili.com/video/BV1dm421P7o6/,Rapid Fire,642,true,4
Garlic,barbarian,111,softcore,https://youtu.be/85Xtv4O_jks,Bash/Hota,700,true,4
Galaxy,sorcerer,111,softcore,https://www.bilibili.com/video/BV1tZ421H79c/,Immortal Firebolt,709,true,4
코털박쥐,druid,111,softcore,https://youtu.be/2NpxOgdVEL4,Wind Shear,709,true,4
lord2800,rogue,111,softcore,https://youtu.be/W-OLdu7C58k,Heartseeker,724,true,4
LuchoLobo,rogue,111,softcore,https://www.youtube.com/watch?v=bvzM3EAKJio,Heartseeker,791,true,4
Trumpet,rogue,111,hardcore,https://www.youtube.com/watch?v=B2GvZ2GkcBU,Heartseeker,802,true,4
Taromis,druid,111,softcore,https://www.youtube.com/watch?v=GX4BZ7jnTlE,Wind Shear,814,true,4
Parse,barbarian,111,softcore,https://www.youtube.com/watch?v=v7kCkasSk_w,Thorns,828,true,4
IkoSorc,sorcerer,111,softcore,https://www.youtube.com/watch?v=9PF-cR4TBPY,Frozen Orb,846,true,4
Arccueid,sorcerer,111,softcore,https://www.youtube.com/watch?v=r0HB8QdfFzM,Blizzard,878,true,4
Egoist,rogue,110,softcore,https://www.youtube.com/watch?v=blQ7nk4P4sg,Heartseeker,424,true,4
Gudfar,barbarian,110,softcore,https://youtu.be/K0paNZ8BglM,HotA Bash,462,true,4
Dyrox,rogue,110,softcore,https://youtu.be/n0g5Vid7ScY,Heartseeker,482,true,4
OsmanGazi,barbarian,110,softcore,https://www.youtube.com/watch?v=2fONkr5GwYs,Bleed Bash,483,true,4
VAMP,necromancer,110,softcore,https://www.youtube.com/watch?v=xaw9vETOGBQ ,Shadow Golem,502,true,4
ZeroPoint,rogue,110,softcore,https://www.youtube.com/watch?v=xXSRv3YSJJo,Heartseeker,539,true,4
凶宅,necromancer,110,softcore,https://www.youtube.com/watch?v=3Km-y2Kf1p4,Schadow Golem,589,true,4
ajuanjuan,barbarian,110,softcore,https://www.youtube.com/watch?v=P5wgkJ5FOIg,HOTA/WW,593,true,4
ALLMUSTDIE,barbarian,110,softcore,https://youtu.be/MaY6-VBVG_c,Thornes,597,true,4
ArchVile,necromancer,110,softcore,https://youtu.be/LX5hSjU6D8g,Bonestorm Golem,623,true,4
Kean,rogue,110,softcore,https://www.youtube.com/watch?v=Fg-cKAKGCOA,Cold Barrage,639,true,4
PettingZoo,druid,110,softcore,https://x.com/SmallPettingZoo/status/1796726632574849458,Wolves,651,true,4
Dragonslayer,barbarian,110,softcore,https://youtu.be/l3t4KJtcIjE,Bash,651,true,4
Shadowheart,necromancer,110,softcore,https://www.youtube.com/watch?v=5XmnBqFy0wc&ab_channel=RondyDrake,Shadow Mages,669,true,4
JensenLLL,rogue,110,softcore,https://www.youtube.com/watch?v=sCcI4MW2C-I,Rapid Fire,673,true,4
Raka,necromancer,110,hardcore,https://www.twitch.tv/videos/2162251348,Storm Golem,685,true,4
2Biasd,rogue,110,softcore,https://youtu.be/EfqSFAWGpw0,Heartseeker,717,true,4
Selene,rogue,110,softcore,https://www.youtube.com/watch?v=iFYpvqzZR2s,Heartseeker,722,true,4
Maclaren,barbarian,110,softcore,https://youtu.be/5YmTX_wbFBs?si=cO7aGoQ6hVO0Kg-h,Bash,725,true,4
MLLF,sorcerer,110,softcore,https://www.youtube.com/watch?v=YPJ5n85Wiss,Immortal Firebolt,743,true,4
Morticia,necromancer,110,softcore,https://www.youtube.com/watch?v=Qsk28aeuQ48,Golem Knight,749,true,4
Doggys,druid,110,softcore,https://youtu.be/ttU0-6wqWuA,Wind Daddy,753,true,4
BAOBlitz,druid,110,softcore,https://youtu.be/qSmJMf2W0IA?si=VqXtm69E6Dpxb98T,Werewolf Lightning Storm,758,true,4
Mortakis,barbarian,110,hardcore,https://www.youtube.com/watch?v=YEKA_Dn1zUo,Bash,773,true,4
Delorien,barbarian,110,softcore,https://www.youtube.com/watch?v=n6vlvo5GAoM,Flay Bleed,778,true,4
Bibi,sorcerer,110,softcore,https://f.io/Q72mrPnA,Immortal Firebolt,13,true,4
BigBen,sorcerer,110,softcore,https://www.youtube.com/watch?v=mqmwvWN8BR4,Immortal Frozen Orb,789,true,4
KASMA,barbarian,110,softcore,https://youtu.be/vcESDLJIScw,Double Swing Dust Devils,795,true,4
Cappeh,rogue,110,softcore,https://youtu.be/Y3Vmg9g_rgU,Rapid Fire,797,true,4
Gasman,rogue,110,softcore,https://www.youtube.com/watch?v=FOlyq9EJdu8,Heartseeker,832,true,4
ultioxs,druid,110,softcore,https://youtu.be/EqOokWABj4M,Wind Shear,14,true,4
행복,sorcerer,110,softcore,https://www.youtube.com/watch?v=ZUC9uAHmhR8,Frozen Orb,864,true,4
Botscar,sorcerer,110,softcore,https://www.youtube.com/watch?v=Y7oM3cOFbxc,Immortal Firebolt,881,true,4
ZEXTER,necromancer,110,softcore,https://www.bilibili.com/video/BV1AT421v7aC/?vd_source=530209ae34b44cd1d153ce0d95633849,Multiple Blight,882,true,4
J_Macc,druid,110,softcore,https://www.youtube.com/watch?v=ac2hO1i5jhY&t=1s&ab_channel=J_Macc,Tornado,889,true,4
言非心语,necromancer,109,softcore,https://www.bilibili.com/video/BV1F1421i7eY/,Multible,303,true,4
Antoniel,necromancer,109,softcore,https://www.youtube.com/watch?v=4hsTIv2WI7A,Golem,598,true,4
Ihte,rogue,109,softcore,https://youtu.be/CrXRgGeM4w4,Heartseeker,654,true,4
looter,necromancer,109,softcore,https://youtu.be/yhGCCdEnjpI,Bone Spirit,730,true,4
Dave,druid,109,softcore,https://youtu.be/IrIGv3J5Rpk?si=Lr2cWzLTGwuKxmYx,Wind Shear,744,true,4
Balsha,barbarian,109,softcore,https://www.youtube.com/watch?v=tlHYj2f9PII,Double Swing Dust Devils,14,true,4
Squisho,rogue,109,softcore,https://www.youtube.com/watch?v=uD2cD3RLvp4,Heartseeker,843,true,4
Superbeam,barbarian,109,softcore,https://youtu.be/WMBSARgl6oU,Bash,892,true,4
MGREX,rogue,108,softcore,https://www.youtube.com/watch?v=zlNsAsKfRh4&t=34s,Heartseeker,421,true,4
MagicaDeHex,necromancer,108,softcore,https://youtu.be/RKXMBiGchFQ,Ebonpiercer,493,true,4
ROOn,necromancer,108,softcore,https://youtu.be/3cpqpINRwx4?si=gJDxRwgwJey4pmm9,Minions,554,true,4
Redhair,barbarian,108,softcore,https://www.youtube.com/watch?v=TNmlOkbhOZ4,Bash,621,true,4
Catzilla,sorcerer,108,softcore,https://www.youtube.com/watch?v=owb19M9Ih3U,Blizzard,697,true,4
xFakeTV,barbarian,108,softcore,https://www.youtube.com/watch?v=dUe4ceEfIGI,Charge Dust Devil,717,true,4
Meshuggah,druid,108,softcore,https://www.youtube.com/watch?v=aHykcTNhK9U,Wind daddy,752,true,4
Jick,druid,108,softcore,https://youtu.be/WtsCF-RCaRQ?si=LrYNMt0udIDUbnQS,Hurricane,811,true,4
하운드,druid,108,softcore,https://www.youtube.com/watch?v=2gllEnf_rP4,Wind Shear,836,true,4
Zelmer,rogue,108,softcore,https://www.youtube.com/watch?v=7r5BhaYuIuw&ab_channel=Zelmer,Barrage,870,true,4
Panda,druid,108,softcore,https://www.youtube.com/watch?v=egyCJb3lWRk,Werenado,880,true,4
Helga,druid,108,softcore,https://www.youtube.com/watch?v=KrX61fE2GtM,Landslide Lightning Storm,884,true,4
Legolas,rogue,108,softcore,https://youtu.be/QC4SlKcl7c0,Heartseeker,886,true,4
Lance,sorcerer,107,softcore,https://youtu.be/EPReGJqTScA?t=21321,Hydra conjuration blizzard,579,true,4
traxxyr,rogue,107,softcore,https://youtu.be/zorjfE4mIhY,Heartseeker,595,true,4
Shakouu,barbarian,107,softcore,https://youtu.be/aO1FOWU81sA,Bash,615,true,4
Archy,druid,107,softcore,https://www.youtube.com/watch?v=3O1_-QLXiCI,Wind Sheer,664,true,4
Jeando,barbarian,107,hardcore,https://www.youtube.com/watch?v=0NxAa4N5DCA,Bleed Bash,674,true,4
Aiyo不錯哦,rogue,107,softcore,https://youtu.be/wF1fzYKvlLQ,FATE Grenade,698,true,4
Osgorath,druid,107,softcore,https://www.youtube.com/watch?v=KedlPKvsvi8,Hurricane,794,true,4
Riki,rogue,107,softcore,https://youtu.be/7s1zqZrsrM8,Heartseeker,810,true,4
리퍼,druid,107,softcore,https://youtu.be/72-XJf7-sW0?si=epzgeOKDnWz3QifJ,Windshear,829,true,4
번개새,necromancer,107,softcore,https://www.youtube.com/watch?v=Ux88-ccKN5EE,Bone Spear,892,true,4
Farlindu,barbarian,106,softcore,https://youtu.be/jsflvN5wzKo,Bash,441,true,4
Rampage,barbarian,106,softcore,https://screenrec.com/share/P5n4QJyVbO,Bash,631,true,4
PasBelle,necromancer,106,softcore,https://youtu.be/xd6ceVYywyc?si=iSYWdO46JKIr1F7G,Golem,635,true,4
Catzilla,sorcerer,106,softcore,https://youtu.be/LFDABKVF5OQ,Blizzard,651,true,4
Legolas,rogue,106,softcore,https://youtu.be/XKyCJ5y7N4k,Heartseeker,744,true,4
Nightcrush,sorcerer,106,softcore,https://youtu.be/3oiGJEE4P2Y,Blizzard,756,true,4
SilverVnom,druid,106,hardcore,https://www.youtube.com/watch?v=Bx45vqKFe4k,Wind Shear,796,true,4
Turkas,sorcerer,106,softcore,https://youtu.be/FwFFKiMgUm8,Frozen Orb,14,true,4
Ales,rogue,105,softcore,https://youtu.be/qR0M7q__XOo,Andariel's Puncture,390,true,4
Hazel,rogue,105,softcore,https://youtu.be/Y9Xkz_-yfdA?si=X9UMhBhNgIGNNRYX,Heartseeker,550,true,4
뇽밀,rogue,105,softcore,https://youtu.be/5m3ysPQ_hjs?si=XYthdjcYsPiHCblb,Heartseeker,629,true,4
justrong,sorcerer,105,softcore,https://www.youtube.com/watch?v=YHidCKSr8x8,Frozen Orb,679,true,4
WereNANDO,druid,105,softcore,https://youtu.be/V5mSjVdff8kk,Tornado,695,true,4
NordReborn,barbarian,105,softcore,https://www.youtube.com/watch?v=UZQYz9Z1j10,Hota Bash,696,true,4
pichapao,rogue,105,softcore,https://youtu.be/ts92ERA_t_8,Flurry Grenade,733,true,4
Junin,druid,105,softcore,https://youtu.be/LFjy_89r1uc?si=ELiriH4YBWzGabfN,Wind Shear,746,true,4
glassjaw,sorcerer,105,hardcore,https://www.twitch.tv/videos/2162103492,Immortal Firebolt,768,true,4
Deawyn,sorcerer,105,softcore,https://youtu.be/cR31H1LcIjg?si=Dh3x9TcnKGc5EqZM,Immortal Firebolt,788,true,4
Cap_Thor,druid,105,softcore,https://www.twitch.tv/videos/2161840488,Pet Thor,799,true,4
Yuki'kaze,druid,105,softcore,https://youtu.be/EZe8Pc7E-wU,Wind Shear,800,true,4
Bao Cong,druid,105,softcore,https://www.youtube.com/watch?v=zHRjq7vfdI4,Wind Shear,813,true,4
Accents,barbarian,105,hardcore,https://www.youtube.com/watch?v=3bi3LZ60zbA,Bash,818,true,4
Sand,druid,105,softcore,https://www.youtube.com/watch?v=RDwH40r26Vg,Wolves,819,true,4
TinyLegs,barbarian,105,softcore,https://www.youtube.com/watch?v=JyBKwGkZfmk&t=1s,Double Swing Dust Devil,14,true,4
strudel,necromancer,105,softcore,https://www.youtube.com/watch?v=OPcT6MGCdHc,Blood Wave,848,true,4
Pacificblue,druid,105,softcore,https://youtu.be/wif-a7yc2BM,Pulverize,854,true,4
Lurkin,sorcerer,105,softcore,https://youtu.be/CcTcebr0QeY?si=Ujx5nGPYkuFAUg_0,Immortal Frozen Orb,865,true,4
Gianadoume,necromancer,105,softcore,https://www.youtube.com/watch?v=MXcMQxvY3QY,Golem,888,true,4
Jyan,sorcerer,105,softcore,https://www.bilibili.com/video/BV16Z421s7ca,Frozen Orb,896,true,4
Robinahood,rogue,104,softcore,https://youtu.be/HoBHlPvYAgI,Heartseeker,466,true,4
Skormus,necromancer,104,softcore,https://youtu.be/BwHHPY29b28,Shadow Minions,543,true,4
Lotus,druid,104,softcore,https://www.youtube.com/watch?v=_-lII2B4BHY,Wind Shear,683,true,4
glassjaw,barbarian,104,hardcore,https://www.twitch.tv/videos/2155813265,Bash,704,true,4
Will,druid,104,softcore,https://www.youtube.com/watch?v=dXKVtuf3us0,Wind Shear,771,true,4
EmilyHeartz,sorcerer,104,softcore,https://www.youtube.com/watch?v=rHBI7oewnrQ&ab_channel=Emilyheartz987,Immortal Frozen Orb,781,true,4
Gasman,necromancer,104,softcore,https://www.youtube.com/watch?v=CoqnV-ivPfY,Shadow Minions,804,true,4
SpearinGolem,necromancer,104,softcore,https://youtu.be/dv7vfIEzTCk?si=4paZegKZxtGFfajW,Bonespear,852,true,4
Aimbottin,rogue,104,softcore,https://www.youtube.com/watch?v=TwG5EIWifwo,Heartseeker,854,true,4
Riise,necromancer,104,hardcore,https://youtu.be/hQOqM2bVqUU,Shadow Surfer,873,true,4
CryHavoc,druid,104,hardcore,https://www.youtube.com/watch?v=NQiKqESgfrg,Wind Shear,893,true,4
MIKE,rogue,103,softcore,https://www.youtube.com/watch?v=szswd3PQEJU&t=5s&ab_channel=OneTapMike,Rapid Fire,277,true,4
Zorgui,barbarian,103,softcore,https://www.youtube.com/watch?v=3qWvUEGPe7c,Bash,6,true,4
ZERRAY,rogue,103,softcore,https://www.youtube.com/watch?v=oX9RPYlwgrs,Heartseeker,439,true,4
흑인여성,rogue,103,softcore,https://www.youtube.com/watch?v=W0yTcnCGNIo,Rapid Fire,458,true,4
Kb,necromancer,103,softcore,https://www.youtube.com/watch?v=djyeITMU59E,Golem,533,true,4
NotGonnaDie,necromancer,103,hardcore,https://youtu.be/8jSZoL4yp4E,Shadow Minions,753,true,4
Aamees,rogue,102,softcore,https://www.youtube.com/watch?v=DYy0FSgH6f8,Barrage,316,true,4
Bile,rogue,102,hardcore,https://www.youtube.com/watch?v=JLrEyUiJgyU&ab_channel=Bile,Heartseeker,442,true,4
Tekniqz,druid,102,softcore,https://www.youtube.com/watch?v=3uB6rdK4JBE&ab_channel=Tekniqz,Wearnado,8,true,4
Hazel,rogue,102,softcore,https://youtu.be/C_po-TjMxRc?si=ug4NnQH52J1eGlRC,Heartseeker,602,true,4
zarketti,rogue,102,softcore,https://www.youtube.com/watch?v=tJlV-dHqto4&ab_channel=Zarka,Heartseeker Godslayer,681,true,4
thomh97,rogue,102,softcore,https://youtu.be/jknOjBwCOOI,Heartseeker dodge,694,true,4
Aeg,druid,102,hardcore,https://www.youtube.com/watch?v=RQNWnC7Ah8M,Wind Shear,711,true,4
Chadwick,druid,102,softcore,https://youtu.be/z2NmMtH5zSY?si=99-UBU3jcbuRa_Kl&t=92,Tornado,751,true,4
danm1618,druid,102,softcore,https://www.youtube.com/watch?v=88fKP-dAokg,Tornado,775,true,4
DaaNzera,rogue,102,softcore,https://youtu.be/1Zn1BBKsQ5Q,Rapid Fire,862,true,4
zhubaohi,barbarian,101,softcore,https://youtu.be/UV4X57GMpwQ,Bash,154,true,4
ayavuz,necromancer,101,softcore,https://www.youtube.com/watch?v=lGBRWkHgV0E,Golem,363,true,4
Kondyss,barbarian,101,hardcore,https://www.twitch.tv/videos/2150602619?t=5h48m10s,Bash,494,true,4
Scrym,necromancer,101,softcore,https://youtu.be/iZhLWUByS2Y?si=--1oveUT_QgoPNN0,Shadow Golem,816,true,4
Blooddrunk,sorcerer,100,softcore,https://youtu.be/5lYEYgH-1oc,Blizzard,282,true,4
CLOWNSNASE,rogue,100,hardcore,https://www.youtube.com/watch?v=ieIKirLbhFg,Heartseeker,285,true,4
yang,rogue,100,hardcore,https://b23.tv/qMcaBBe,Heartseeker,310,true,4
Drago,rogue,100,softcore,https://youtu.be/uhFFAgGSHN4?si=2HC6IPUitUkj7lRF,Rapid Fire,314,true,4
聞く力,barbarian,100,softcore,https://www.youtube.com/watch?v=C2aZdf09ps0,Double Swing Dust Devils,390,true,4
Seonuk,rogue,100,softcore,https://www.youtube.com/watch?v=6SfwUoBSLEo,Rapid Fire,405,true,4
Quawiz,rogue,100,softcore,https://www.youtube.com/watch?v=SMgHjO4BM80,Heartseeker,415,true,4
Alpha,druid,100,softcore,https://youtu.be/PApaamZ0EJ0,Werewolf Tornado,503,true,4
Hog,barbarian,100,softcore,https://www.youtube.com/live/QqSUnMGmPMk,Thorns,552,true,4
merge,necromancer,100,hardcore,https://youtu.be/kzNIFFsLasY,Shadow Mages,555,true,4
Musso,sorcerer,100,softcore,https://www.youtube.com/watch?v=lkxsKfvtV7w,Blizzard,569,true,4
Biggus,barbarian,100,softcore,https://www.youtube.com/watch?v=XBt9djA8AIU,Double Swing Dust Devils,10,true,4
Yusa,rogue,100,softcore,https://www.youtube.com/watch?v=viDHOqNgtHk&t=107s,Rapid Fire,10,true,4
Saura,necromancer,100,softcore,https://www.youtube.com/watch?v=Bym8ooxmdz8,Shadow Golem,654,true,4
Karpen,sorcerer,100,softcore,https://www.youtube.com/watch?v=GKKyP33DNSA,Meteor,13,true,4
Zepogi,necromancer,100,softcore,https://www.youtube.com/watch?v=mD-43OhG6fY&t=1s,Golem,781,true,4
BodomsChild,necromancer,100,softcore,https://www.youtube.com/watch?v=uCg2-x2ilo8,Bone Spear Minions,802,true,4
EAGLETYANN,necromancer,100,softcore,https://youtu.be/xeOUwsgdHmI?si=UYzzl4H6SFKYFGc7,Thorns minion,864,true,4
wudijo,sorcerer,100,hardcore,https://youtu.be/jREhomKv4a0?t=22852,Frozen Orb,882,true,4
GyattSeeker,rogue,98,softcore,https://youtu.be/blqbtdQYKtss,Heartseeker,10,true,4
Treston,druid,98,softcore,https://www.youtube.com/watch?v=V3OxulSHgnk,Wolves,748,true,4
KillerBeaver,rogue,97,softcore,https://www.youtube.com/watch?v=7IDv_TiGvvww,Dodgy Grenades,529,true,4
Arrow,rogue,96,hardcore,https://www.youtube.com/watch?v=O0mwPuvIYIEE,Heartseeker,533,true,4
Imahotgirl,barbarian,96,hardcore,https://youtu.be/Nh-CJM-3GLg,Thorns,620,true,4
Pilek01,rogue,92,softcore,https://youtu.be/LX91VqE6G0I?si=frpe-N9NMDbvuHMNN,Heartseeker,648,true,4
Cinde,necromancer,92,hardcore,https://www.youtube.com/watch?v=f1P0SEDy86Q,Minions,731,true,4
Tropelet,sorcerer,91,softcore,https://youtu.be/BFBwjrfOa7s?si=MXWts3qbyElU-U9q&t=18,Frozen Orb,363,true,4
Boyer,rogue,91,softcore,https://www.youtube.com/watch?v=JVc5rLwI-6o,Penetrating Shot,464,true,4
Nati,rogue,91,softcore,https://www.youtube.com/watch?v=OMNwUzxfWOQ,Cold Barrage,485,true,4
屏東太平洋珠寶台來看看,barbarian,91,softcore,https://youtu.be/pQBfzNccBuA,Thorns,855,true,4
pOoM,barbarian,90,softcore,https://www.youtube.com/watch?v=GWoJGu-ZFEE,Bash,276,true,4
Lost,rogue,90,softcore,https://youtu.be/YfBfrev-C3o?si=YZxrJ8sXpbzr4Dkk,Rapid Fire,358,true,4
Kali,necromancer,90,softcore,https://www.twitch.tv/videos/2161677655?t=00h00m28s,Minions,389,true,4
Celeste,necromancer,90,hardcore,https://youtu.be/kLmAZdT1LNI,Minion,483,true,4
Skitz,sorcerer,90,softcore,https://youtu.be/byc-sAOFmJQ?si=map4BQvmZBmp9hKU,Blizzard,539,true,4
Charblood,necromancer,90,softcore,https://youtu.be/flAGvOs1MWw,Bone Spirit,590,true,4
Keeper,necromancer,90,softcore,https://www.youtube.com/watch?v=KPX6SpTCOBs,Golem,613,true,4
Paranoya,necromancer,90,softcore,https://www.youtube.com/watch?v=0guG-ReRDAc,Blood Lance,842,true,4
Barbster,barbarian,88,softcore,https://youtu.be/l4GLT0b8EJs,Bash,345,true,4
Avertzy,rogue,88,hardcore,https://www.youtube.com/watch?v=_UUJzh2PMFc,Heartseeker,380,true,4
Kaiser,necromancer,88,hardcore,https://www.youtube.com/watch?v=Klitz55Jhfw&t=462s,Golen Summoner,584,true,4
MaxiMexican,druid,87,softcore,https://www.youtube.com/watch?v=gUdc-nPe2k4&t=53s,Wind Shear,559,true,4
DiscoDelta,necromancer,85,softcore,https://www.youtube.com/watch?v=keogSiD4ctM,Thorns Summoner,512,true,4
Retribution,necromancer,85,hardcore,https://www.youtube.com/watch?v=CjT_P4eTRGY,Golem,838,true,4
MyWayToPlay,sorcerer,84,hardcore,https://www.youtube.com/watch?v=-PBfitG4YwA,Frozen Orb,303,true,4
Monkey,barbarian,83,softcore,https://youtu.be/lTQ2J71P-XU,Bash,228,true,4
Skloppa,necromancer,83,hardcore,https://www.youtube.com/watch?v=ja037gSmCtk,Minion Storm,555,true,4
WindTeddy,druid,83,hardcore,https://www.youtube.com/watch?v=yIPNDUdIuC0,Wind Shear,656,true,4
Jimp,barbarian,82,hardcore,https://www.youtube.com/watch?v=e_IBa7gXBDI,Thorns,195,true,4
JJJJoanna,rogue,82,hardcore,https://www.bilibili.com/video/BV1Db421i7ky,Heartseeker,409,true,4
BrokenNecro,druid,82,hardcore,https://www.youtube.com/watch?v=4HCDepF7E9o,Wind Fart,443,true,4
Try,necromancer,82,softcore,https://www.twitch.tv/o_try/v/2152617371?sr=a&t=3098s,Shadow Minion,635,true,4
zsovibandi,necromancer,82,hardcore,https://youtu.be/_TaQeYYXRAo,Minion,654,true,4
Shiawaserika,necromancer,82,softcore,https://youtu.be/sbH-fcXzSY8,Shadow Minion,789,true,4
Ruthelis,sorcerer,81,softcore,https://www.youtube.com/watch?v=uiMhzp-4n4w,Frozen Orb,765,true,4
RETARDED,sorcerer,81,hardcore,https://youtu.be/tpVIfvJR2Bo,Frozen Orb,800,true,4
SyndriN,rogue,80,softcore,https://youtu.be/gN888LW8HlM,Trapper Ice Barrage,323,true,4
Domza,rogue,80,softcore,https://www.youtube.com/watch?v=tKhbm2AXMKg,Poison Barrage,410,true,4
Undying,necromancer,80,softcore,https://www.youtube.com/watch?v=s9_VJuOHMCk,Blood Surge,465,true,4
Tesseract,rogue,80,softcore,https://youtu.be/AA54mgTgIL4,Heartseeker,468,true,4
Samiel,druid,80,softcore,https://www.youtube.com/watch?v=eMuTdQwJlhA&ab_channel=Samiel,Lightning Storm,500,true,4
PalsyPlague,sorcerer,80,softcore,https://www.twitch.tv/videos/2162195870,Frozen Orb,753,true,4
Aker,sorcerer,80,softcore,https://youtu.be/HBgdOUj4H0c,Hydra,805,true,4
ISpamOrbs,sorcerer,79,hardcore,https://youtu.be/aK_8PFN8ycE,Frozen Orb,543,true,4
Cixi,sorcerer,76,hardcore,https://www.youtube.com/watch?v=oKQvHsuOneQ,Immortal Frozen Orb,275,true,4
DaConcion,rogue,75,hardcore,https://www.youtube.com/watch?v=jpoTMd84BcE,Heartseeker,257,true,4
Johndyce,barbarian,70,hardcore,https://youtu.be/hcXZTSq_Sco?feature=shared,Bash,208,true,4
Nova,rogue,70,hardcore,https://youtu.be/IRRJRXRbXzQ?si=NgsV85QdOafrc4Tu,Heartseeker,285,true,4
Velhodoido,barbarian,70,hardcore,https://www.twitch.tv/videos/2162143747,Thorns,337,true,4
Ascona,sorcerer,67,hardcore,https://www.youtube.com/watch?v=6t6bnryw4-8,Blizzard,227,true,4
Zeiss,necromancer,66,hardcore,https://youtu.be/ZA3e7tkEKOs,Bone Spear,582,true,4
SubZero,sorcerer,65,hardcore,https://youtu.be/ejGmnfHgsA4,Frozen Orb,225,true,4
Dudriadruid,druid,65,hardcore,https://youtu.be/Y5vY35d_USA,Landslide,524,true,4
Zunow,sorcerer,64,hardcore,https://youtu.be/KjBpukLwgYs,Blizzard,262,true,4
JDiRenCrack,sorcerer,64,hardcore,https://www.youtube.com/watch?v=90BXJKSu34k,Incinerate,528,true,4
R**********,sorcerer,63,hardcore,https://youtu.be/fEpGxrDmvi0,Frozen Orb,249,true,4
RustedHulk,necromancer,62,hardcore,https://youtu.be/V1AsGKJPspo?si=AKgvCYRCvxwpi4jl,Mages,353,true,4
Stalk,barbarian,61,hardcore,https://www.twitch.tv/videos/2156462053?t=0h17m29s,Bash,143,true,4
Velheibgnar,barbarian,61,hardcore,https://www.youtube.com/watch?v=56iE8S0St6M,Bash,259,true,4
Davdom,necromancer,61,hardcore,https://youtu.be/nDqFmEAe5V4,Minion,262,true,4
cheddy,rogue,61,hardcore,https://www.youtube.com/watch?v=95T-QL2_ACA&ab_channel=cheddy,Twisting Blades,327,true,4
Kokotko,druid,61,hardcore,https://youtu.be/CQ9mB7vZUd4,Wind Daddy,383,true,4
Dthehunter,sorcerer,60,hardcore,https://www.youtube.com/watch?v=wa9UXwnSrH8,Frozen Orb,312,true,4
Aleksandar,necromancer,60,hardcore,https://www.youtube.com/watch?v=Qr4fHUYebQs,Blood Wave,508,true,4
JAPSTER,sorcerer,171,softcore,https://www.youtube.com/watch?v=GLGv1vpC8mA,Immortal firebolt,888,true,4
ゴマポン酢,sorcerer,165,softcore,https://www.youtube.com/watch?v=Zc58kE3ojyo,Immortal Firebolt,754,true,4
erice,sorcerer,162,softcore,https://youtu.be/nJ72NyamBJw,Firebolt,860,true,4
Damz,sorcerer,162,softcore,https://www.youtube.com/watch?v=UoVh66AcAUY,Immortal Firebolt,862,true,4
考考你丫,rogue,161,softcore,https://www.bilibili.com/video/BV1Rkb7euE7b,Pen Shot,802,true,4
DMC,barbarian,160,softcore,https://youtu.be/z5GHlJP6CR4,Flay,883,true,4
Pxx,barbarian,160,softcore,https://www.youtube.com/watch?v=IWOlZ-_1J5o,Flay,897,true,4
你看我幹嘛,barbarian,155,softcore,https://www.youtube.com/watch?v=0FWLQ4pfmzU,Bleed Bash,850,true,4
oogieboogie,barbarian,152,hardcore,https://www.youtube.com/watch?v=4p1PEhdniUc,Thorns,878,true,4
Cranks,rogue,151,softcore,https://www.youtube.com/watch?v=S0WqmdKYGnE,Pen Shot,723,true,4
Slushys,barbarian,151,hardcore,https://www.youtube.com/watch?v=YEbMiyRhl4g,Thorns,14,true,4
箭箭加倍,rogue,151,softcore,https://www.youtube.com/watch?v=ely2Lv7udVY,Pen Shot,844,true,4
RHYME,sorcerer,151,softcore,https://youtu.be/-LLhIDM3824,Immortal Firebolt,862,true,4
Kangaxx,barbarian,151,softcore,https://www.youtube.com/watch?v=1Fxrzib8XM4,Flay,892,true,4
Dharmakaya,sorcerer,150,softcore,https://www.youtube.com/watch?v=E_Q-pZoGoeo,Fire Bolt,797,true,4
Grimbo,barbarian,150,softcore,https://youtu.be/pQTdDlTNujg,Flay,805,true,4
Puz,barbarian,150,hardcore,https://youtu.be/FxypWx8tmqg,Flay,875,true,4
King,barbarian,150,softcore,https://www.youtube.com/watch?v=INpgYyZXq40,Flay,893,true,4
Shooting,rogue,150,softcore,https://youtu.be/9k79tkmaDyM?si=YQLHmFumwaBUGEND,Pen Shot,15,true,4
dizzydasper,barbarian,148,hardcore,https://www.youtube.com/watch?v=ewcU-rP1tGk,Thorns,750,true,4
KingMighty,barbarian,148,softcore,https://youtu.be/E70xHB2cG2M?si=61vungVN86t_-ISa,QuakeThorns,870,true,4
OneTapAgain,sorcerer,146,hardcore,https://www.youtube.com/watch?v=-rXdgqsLy48,Immortal Firebolt,878,true,4
DJVibrejtr,sorcerer,145,softcore,https://www.youtube.com/watch?v=59jyKBfyDS8,Firebolt,560,true,4
Anteon,barbarian,145,softcore,https://youtu.be/HFtUY0gN9KE?si=ntk7Ls_xLnM0L9RU,Bash Bleed,762,true,4
InkLee,rogue,145,softcore,https://www.youtube.com/watch?v=m2LykaDCi6M,Pen Shot,878,true,4
scrym,barbarian,144,softcore,https://youtu.be/jm8kMtKthNY?si=7jLHMcpqz6JA2t5P,Flay,695,true,4
Gwil,barbarian,144,softcore,https://www.youtube.com/watch?v=1by0LAgyf20,Flay,708,true,4
Necromancer,necromancer,144,softcore,https://www.youtube.com/watch?v=q8IQTkQqTBU&lc=Ugy1DuL2JMrzEwuiLT14AaABAg,Bone Spirit,841,true,4
Zir,rogue,143,softcore,https://www.youtube.com/watch?v=0SCQXO3loQI,Rapid Fire,866,true,4
Jeska,rogue,143,softcore,https://youtu.be/j_Ac9V03jeQ,Heart Seeker,881,true,4
PetitBOT,rogue,142,softcore,https://youtu.be/otOM0gQWODk,Heart Seeker,791,true,4
AngelsBeast,rogue,141,softcore,https://youtu.be/hP6ss05qdCA,Pen Shot,794,true,4
MsSpyte,rogue,141,softcore,https://www.twitch.tv/videos/2208771370?t=1h44m44s,Heart Seeker,822,true,4
origami,necromancer,141,softcore,https://www.youtube.com/watch?v=NI4PQJx1VbI,Golem,855,true,4
CraftyXII,rogue,141,softcore,https://www.youtube.com/watch?v=NPvEMmb3Zz8&t=15s,Rapid Fire,868,true,4
RitchiC76,barbarian,140,softcore,https://www.twitch.tv/videos/2209995914,Bleed Bash,750,true,4
Petitbat,rogue,140,softcore,https://www.twitch.tv/videos/2205100849,Heart Seeker,760,true,4
theRealDeal,barbarian,140,hardcore,https://www.youtube.com/watch?v=OPTnZsmaS1I,Bash Bleed,771,true,4
TiraBlanc,rogue,140,softcore,https://youtu.be/UGfT1zd1IZw?si=nDp5hTmA0trpzAMV,Heart Seeker,877,true,4
LIANG本人,necromancer,140,softcore,https://www.bilibili.com/video/BV1sqemeXEVF/?vd_source=61a67e8c3d053472f570f7d62689be7d,Shadow Mage,885,true,4
chicken,rogue,140,softcore,https://youtu.be/khLwCCaOAOw?si=kLehmH3Xu5wvnSsC,Rapid Fire,890,true,4
Séphie,rogue,139,softcore,https://www.youtube.com/watch?v=FafQjvoFEVw&ab_channel=AegryanL%C3%A9t%C3%A9,Heart Seeker,785,true,4
lowly,rogue,139,softcore,https://www.youtube.com/watch?v=HTKWbTM6zKA,Rapid Fire,816,true,4
Fleezao,necromancer,139,softcore,https://youtu.be/uIKWKTUyQkY?si=yUHiS_F9VI2TfPwh,Shadow Mage,856,true,4
Hollow,rogue,138,softcore,https://youtu.be/YjDi3ZM2npA,Heart Seeker,785,true,4
Dramoi,barbarian,137,hardcore,https://www.youtube.com/watch?v=EekxivOorY4,Bleed Bash,794,true,4
superman,rogue,137,hardcore,https://youtu.be/NmULJDTtOAs?si=3kwY7v4l6vvUfdde,Heart Seeker,807,true,4
Audreyy,rogue,137,softcore,https://www.twitch.tv/videos/2198370844,Andariel's Flurry,876,true,4
Wave,rogue,136,softcore,https://youtu.be/8mkEVgw5uTE?si=uboV2CV3Z3zgGUJt,Heart Seeker,751,true,4
Bartolus,rogue,136,softcore,https://www.youtube.com/watch?v=hZ0OeUxLxwk,Heart Seeker,13,true,4
Hollow,rogue,136,softcore,https://youtu.be/aMHY52KWfjI?si=bQOY7CxXIi617Ujc,Heart Seeker,795,true,4
Barb,barbarian,136,softcore,https://www.youtube.com/watch?v=stlSrZcQsUY,WW Bleed,833,true,4
蓝萌,druid,136,softcore,https://youtu.be/KXQiCQpzUDQ?si=fiGT6Q4OKOcyMznf,Wind Shear,843,true,4
TheSixWings,necromancer,136,softcore,https://www.youtube.com/watch?v=ICZROnNqGDA,Storm Mages,872,true,4
BashMe,barbarian,135,hardcore,https://youtu.be/mMPBG25pB9A,Bleed Bash,719,true,4
Liberty,rogue,135,softcore,https://youtu.be/TyADtQmoxDk,Heart Seeker,747,true,4
AURA,barbarian,135,hardcore,https://www.youtube.com/watch?v=0yU85hTc0_s,WW Bleed,776,true,4
Storm,rogue,135,softcore,https://www.twitch.tv/videos/2202873669,Rapid Fire,838,true,4
Sonya,barbarian,135,hardcore,https://youtu.be/k6wR8BjGsWw?si=68bUzrrQwxKbp2rW,Bash,857,true,4
Shaman,necromancer,135,softcore,https://youtu.be/r4uI_xfMkoU,Zcd Push Golem,876,true,4
Fox,rogue,135,softcore,https://youtu.be/rdU0hJgcAvM,Andariel puncture,887,true,4
Inertiatic,rogue,134,hardcore,https://youtu.be/ue6Y1BiDors?si=xtMeshsI3xVDJXqt,Heart Seeker,722,true,4
SaHcRa,rogue,134,hardcore,https://www.youtube.com/watch?v=v9C8WEdOeto,Heart Seeker,764,true,4
sinitarpku,necromancer,134,hardcore,https://youtu.be/4rajnvWRtXw?si=zcPIBGPAnzj3tbYU,Minion Thorns,891,true,4
Khorne,barbarian,133,softcore,https://youtu.be/B2XjMW6bgwk,WW Bleed,714,true,4
Drakrami,necromancer,133,softcore,https://youtu.be/usDdG6hfQJQ,Golem,828,true,4
Virgorie,rogue,133,softcore,https://youtu.be/OYjflPTZlfY?si=eP48odqY9GeNhh1R,Andariel's Barrage,832,true,4
Dron1x,druid,133,softcore,https://youtu.be/8c-Q4uRckk0,Wind Shear,836,true,4
Danger,druid,133,softcore,https://youtu.be/kx-llG1jeL0?si=FX71fzQr_ZcPHwzn,Hurricane,848,true,4
UnPastisSvp,rogue,132,hardcore,https://youtu.be/uzUHJj01w1U?si=hTIoWGjb8hnsyJEu,Andariel's Puncture,863,true,4
gotham,barbarian,131,softcore,https://youtu.be/Aj5A3QV2tIQ,WW,622,true,4
Gash,rogue,131,hardcore,https://www.youtube.com/watch?v=ZntMoKCrgVg,Heart Seeker,795,true,4
Moreina,rogue,130,hardcore,https://www.youtube.com/watch?v=79XxeTKWd4M,Heart Seeker,482,true,4
iFenix,rogue,130,softcore,https://youtu.be/qeM7E2dveck,Andariel's Puncture,678,true,4
Ixxcellent,rogue,130,softcore,https://www.youtube.com/watch?v=pYDEfFtreeA&ab_channel=Ixxen,Andariel's Flurry,723,true,4
Zaramos,sorcerer,130,softcore,https://www.youtube.com/watch?v=nwNz1wl9yTM,Blizzard,853,true,4
Pacificblue,druid,129,softcore,https://youtu.be/BE8ohARG8x4,Pulverize,826,true,4
BAOBlitz,druid,129,softcore,https://youtu.be/rGQv7p5DeVY?si=P-obXymF_s0SmPWH&t=177,Werewolf Lightning Storm,885,true,4
Heart,rogue,129,hardcore,https://youtu.be/qy097RQAGqU,Heart Seeker,887,true,4
LUCY,rogue,127,softcore,https://www.twitch.tv/videos/2203597918,Rapid Fire,651,true,4
Liebot,druid,127,hardcore,https://www.youtube.com/watch?v=QrCQH_jiS2A,Wind Shear,888,true,4
Cinnacrunch,sorcerer,126,hardcore,https://www.twitch.tv/videos/2210018551,Firebolt,738,true,4
b1kanobi,sorcerer,126,softcore,https://youtu.be/w5m_t2MPD9E?si=2Ls3DXIGha32JMcZ,UNSTABLE 2.0,790,true,4
pichapao,rogue,126,softcore,https://youtu.be/u2hTVubxNgQ,Grenade,892,true,4
wilibk,rogue,125,softcore,https://www.youtube.com/watch?v=yadBuAibdmU,Heart Seeker,669,true,4
Paridian,barbarian,125,hardcore,https://www.twitch.tv/videos/2202681043,Flay,754,true,4
Joylol,barbarian,125,softcore,https://www.youtube.com/watch?v=nuc1ZJZG3lU,WW Dust Devil,795,true,4
Fomalhaut,rogue,125,softcore,https://www.youtube.com/watch?v=6P6AEtjtNE4,Twisting Blades,833,true,4
Andy,necromancer,125,softcore,https://www.youtube.com/watch?v=ZRs0_C90RWQ,Sever,882,true,4
LtTang,necromancer,124,hardcore,https://www.twitch.tv/primetyson/v/2210068007?sr=a&t=2s,Thorns,760,true,4
SMR,sorcerer,124,softcore,https://x.com/stevenmarkryan/status/1814953270496186530,Immortal Frozen Orb,834,true,4
Vanna,rogue,122,softcore,https://www.youtube.com/watch?v=UUwFjymATVo,Heart Seeker,631,true,4
Hazel,rogue,121,softcore,https://youtu.be/tilzLbXmeRw?si=NbVNGB2OkAA6SQ3Z,Heart Seeker,778,true,4
Ashborn,necromancer,120,softcore,https://youtu.be/y9ihJYGb6GA,Shadow Golem,813,true,4
Undying,necromancer,117,softcore,https://www.youtube.com/watch?v=rKfLcLiBt9s,Blood Surge,886,true,4
Druidaryoot,druid,116,softcore,https://youtu.be/-Tg9Ruvfg_E,StormSlide,713,true,4
wudijo,druid,115,hardcore,https://youtu.be/4VjpG2mQdZE?t=19069,Pulverize,10,true,4
DaRuhl,necromancer,114,softcore,https://youtu.be/84NEhv0ZF2w,Shadow Minion,864,true,4
Furiosa,necromancer,113,hardcore,https://www.youtube.com/watch?v=nAMya7sqZUs,Minion Thorns,578,true,4
Out of Spirit,druid,113,hardcore,https://youtu.be/SZOR0JhAkMI,Wind Shear,628,true,4
LiMing,sorcerer,112,hardcore,https://www.youtube.com/watch?v=fC7koHmmRrY,Frozen Orb,816,true,4
wudijo,sorcerer,110,hardcore,https://youtu.be/4VjpG2mQdZE?t=14889,Chain Ligthning,486,true,4
b3n0b1,rogue,110,softcore,https://youtu.be/jzfVWq-1Vgc,Twisting Blades,745,true,4
Benox,necromancer,110,softcore,https://youtu.be/NDb5tdzKU0E,Summon Blood,890,true,4
Zeiss,necromancer,105,hardcore,https://youtu.be/JECrMavEotg?si=kxL4QBdCwLg_nrSg,Bone Spear,852,true,4
Vaticidal,necromancer,98,hardcore,https://youtu.be/lylwHMISGVk,Golem,321,true,4
